dataset,sample_name,original_sample_name,file_path,label,sample_type,disease,subject_id,cohort,batch,replicate_suffix,raw_file,url,raw_sha256
covid,13092020_CovidNeg_P251_P_2,13092020_CovidNeg_P251_P_2,13092020_CovidNeg_P251_P_2.mzML,0,clinical,Negative COVID-19,P251,,13092020,2,13092020_CovidNeg_P251_P_2.raw,https://ftp.ebi.ac.uk/pub/databases/metabolights/studies/public/MTBLS2291/FILES/Negative/13092020_CovidNeg_P251_P_2.raw,c1220ba850d60044a185619cd21cdc4dba1b054a0d2b6fd3e2770cfff1b4bd81
covid,13092020_CovidNeg_P251_P_3,13092020_CovidNeg_P251_P_3,13092020_CovidNeg_P251_P_3.mzML,0,clinical,Negative COVID-19,P251,,13092020,3,13092020_CovidNeg_P251_P_3.raw,https://ftp.ebi.ac.uk/pub/databases/metabolights/studies/public/MTBLS2291/FILES/Negative/13092020_CovidNeg_P251_P_3.raw,baca39dd3450996580ec8d1c1d6f1b5169400ebc022c8ddb3a31862fb616f725
covid,13092020_CovidNeg_P251_P_4,13092020_CovidNeg_P251_P_4,13092020_CovidNeg_P251_P_4.mzML,0,clinical,Negative COVID-19,P251,,13092020,4,13092020_CovidNeg_P251_P_4.raw,https://ftp.ebi.ac.uk/pub/databases/metabolights/studies/public/MTBLS2291/FILES/Negative/13092020_CovidNeg_P251_P_4.raw,0f21080cf131fd8f843e583a2f72a0e7e7b9ae976e513a69148dd33a717de4b1
covid,13092020_CovidNeg_P252_P_2,13092020_CovidNeg_P252_P_2,13092020_CovidNeg_P252_P_2.mzML,0,clinical,Negative COVID-19,P252,,13092020,2,13092020_CovidNeg_P252_P_2.raw,https://ftp.ebi.ac.uk/pub/databases/metabolights/studies/public/MTBLS2291/FILES/Negative/13092020_CovidNeg_P252_P_2.raw,0df737d5350562a344db56d8b9477543edbc0cbc3199334f8872fc5722439ad3
covid,13092020_CovidNeg_P252_P_3,13092020_CovidNeg_P252_P_3,13092020_CovidNeg_P252_P_3.mzML,0,clinical,Negative COVID-19,P252,,13092020,3,13092020_CovidNeg_P252_P_3.raw,https://ftp.ebi.ac.uk/pub/databases/metabolights/studies/public/MTBLS2291/FILES/Negative/13092020_CovidNeg_P252_P_3.raw,315f9b8873303bd6b8537db9b8e6e2a6ff8338023af2cedd115b10b398dc6808
covid,13092020_CovidNeg_P252_P_4,13092020_CovidNeg_P252_P_4,13092020_CovidNeg_P252_P_4.mzML,0,clinical,Negative COVID-19,P252,,13092020,4,13092020_CovidNeg_P252_P_4.raw,https://ftp.ebi.ac.uk/pub/databases/metabolights/studies/public/MTBLS2291/FILES/Negative/13092020_CovidNeg_P252_P_4.raw,fff05f81ad0fa396954bed320e79f52771121c845d5373acf5a6009093e21853
covid,13092020_CovidNeg_P253_P_2,13092020_CovidNeg_P253_P_2,13092020_CovidNeg_P253_P_2.mzML,0,clinical,Negative COVID-19,P253,,13092020,2,13092020_CovidNeg_P253_P_2.raw,https://ftp.ebi.ac.uk/pub/databases/metabolights/studies/public/MTBLS2291/FILES/Negative/13092020_CovidNeg_P253_P_2.raw,9ac961cdcd21f36b552ffe6f614074eaf30bd436ebb6cb89f88671aded34e584
covid,13092020_CovidNeg_P253_P_3,13092020_CovidNeg_P253_P_3,13092020_CovidNeg_P253_P_3.mzML,0,clinical,Negative COVID-19,P253,,13092020,3,13092020_CovidNeg_P253_P_3.raw,https://ftp.ebi.ac.uk/pub/databases/metabolights/studies/public/MTBLS2291/FILES/Negative/13092020_CovidNeg_P253_P_3.raw,777f4142d3050fc28677aaa0274e664fbcbc1b1f1d8d2bf66f3ab059a95c3f9f
covid,13092020_CovidNeg_P253_P_4,13092020_CovidNeg_P253_P_4,13092020_CovidNeg_P253_P_4.mzML,0,clinical,Negative COVID-19,P253,,13092020,4,13092020_CovidNeg_P253_P_4.raw,https://ftp.ebi.ac.uk/pub/databases/metabolights/studies/public/MTBLS2291/FILES/Negative/13092020_CovidNeg_P253_P_4.raw,203b880c5e350daaa2a3921b7e8d29734c33999cbcff6dc00748589dfe608293
covid,13092020_CovidNeg_P254_P_2,13092020_CovidNeg_P254_P_2,13092020_CovidNeg_P254_P_2.mzML,0,clinical,Negative COVID-19,P254,,13092020,2,13092020_CovidNeg_P254_P_2.raw,https://ftp.ebi.ac.uk/pub/databases/metabolights/studies/public/MTBLS2291/FILES/Negative/13092020_CovidNeg_P254_P_2.raw,ec6e996d0f9d1c489aa175c0ef482b2b4e45d42326dcde4f989d2ac4bc819a34
covid,13092020_CovidNeg_P254_P_3,13092020_CovidNeg_P254_P_3,13092020_CovidNeg_P254_P_3.mzML,0,clinical,Negative COVID-19,P254,,13092020,3,13092020_CovidNeg_P254_P_3.raw,https://ftp.ebi.ac.uk/pub/databases/metabolights/studies/public/MTBLS2291/FILES/Negative/13092020_CovidNeg_P254_P_3.raw,b6271c98b5c1b7237ba430991d0ebad59089075af03e8dc58d6becb686b1a8fa
covid,13092020_CovidNeg_P254_P_4,13092020_CovidNeg_P254_P_4,13092020_CovidNeg_P254_P_4.mzML,0,clinical,Negative COVID-19,P254,,13092020,4,13092020_CovidNeg_P254_P_4.raw,https://ftp.ebi.ac.uk/pub/databases/metabolights/studies/public/MTBLS2291/FILES/Negative/13092020_CovidNeg_P254_P_4.raw,919afeb429d1f733fe50a6331bffe6eef74d89154b0d300876e344b18213aedb
covid,13092020_CovidNeg_P257_P_2,13092020_CovidNeg_P257_P_2,13092020_CovidNeg_P257_P_2.mzML,0,clinical,Negative COVID-19,P257,,13092020,2,13092020_CovidNeg_P257_P_2.raw,https://ftp.ebi.ac.uk/pub/databases/metabolights/studies/public/MTBLS2291/FILES/Negative/13092020_CovidNeg_P257_P_2.raw,df905f9a90e315dd58b6507f9a8439edb76eb25fef90242c5da9bfc5eea7cc41
covid,13092020_CovidNeg_P257_P_3,13092020_CovidNeg_P257_P_3,13092020_CovidNeg_P257_P_3.mzML,0,clinical,Negative COVID-19,P257,,13092020,3,13092020_CovidNeg_P257_P_3.raw,https://ftp.ebi.ac.uk/pub/databases/metabolights/studies/public/MTBLS2291/FILES/Negative/13092020_CovidNeg_P257_P_3.raw,2e9a77519ae5c86a17231a08fa627be91dc71aad5380f4a8732ca17969946284
covid,13092020_CovidNeg_P257_P_4,13092020_CovidNeg_P257_P_4,13092020_CovidNeg_P257_P_4.mzML,0,clinical,Negative COVID-19,P257,,13092020,4,13092020_CovidNeg_P257_P_4.raw,https://ftp.ebi.ac.uk/pub/databases/metabolights/studies/public/MTBLS2291/FILES/Negative/13092020_CovidNeg_P257_P_4.raw,a51d8fc55b440d6ac7ceb9739edc27f6d3c9150297ef43bff531e435601ffca8
covid,13092020_CovidNeg_P258_P_2,13092020_CovidNeg_P258_P_2,13092020_CovidNeg_P258_P_2.mzML,0,clinical,Negative COVID-19,P258,,13092020,2,13092020_CovidNeg_P258_P_2.raw,https://ftp.ebi.ac.uk/pub/databases/metabolights/studies/public/MTBLS2291/FILES/Negative/13092020_CovidNeg_P258_P_2.raw,d77d60cff0d934a99e9ca7373a31808766667e7e24fe5578b43e343d0cbeaf73
covid,13092020_CovidNeg_P258_P_3,13092020_CovidNeg_P258_P_3,13092020_CovidNeg_P258_P_3.mzML,0,clinical,Negative COVID-19,P258,,13092020,3,13092020_CovidNeg_P258_P_3.raw,https://ftp.ebi.ac.uk/pub/databases/metabolights/studies/public/MTBLS2291/FILES/Negative/13092020_CovidNeg_P258_P_3.raw,083220f2d9c0bcfba69ade9e7c9be21f48a4b5a3c6010a60cd8192c43ae4bf12
covid,13092020_CovidNeg_P258_P_4,13092020_CovidNeg_P258_P_4,13092020_CovidNeg_P258_P_4.mzML,0,clinical,Negative COVID-19,P258,,13092020,4,13092020_CovidNeg_P258_P_4.raw,https://ftp.ebi.ac.uk/pub/databases/metabolights/studies/public/MTBLS2291/FILES/Negative/13092020_CovidNeg_P258_P_4.raw,ddc47fd5f84424fe5c7cc4337587181a3663dbbfa5d9bd2d6690603768ea0c93
covid,13092020_CovidNeg_P259_P_2,13092020_CovidNeg_P259_P_2,13092020_CovidNeg_P259_P_2.mzML,0,clinical,Negative COVID-19,P259,,13092020,2,13092020_CovidNeg_P259_P_2.raw,https://ftp.ebi.ac.uk/pub/databases/metabolights/studies/public/MTBLS2291/FILES/Negative/13092020_CovidNeg_P259_P_2.raw,8ee8857c0e98b97bc4d24e5351e3d417b3ca2372d0a5621e24e3c1b79ea9f0df
covid,13092020_CovidNeg_P259_P_3,13092020_CovidNeg_P259_P_3,13092020_CovidNeg_P259_P_3.mzML,0,clinical,Negative COVID-19,P259,,13092020,3,13092020_CovidNeg_P259_P_3.raw,https://ftp.ebi.ac.uk/pub/databases/metabolights/studies/public/MTBLS2291/FILES/Negative/13092020_CovidNeg_P259_P_3.raw,6332fa2ee4d34234201b471aee9cb60ea2e413ab356892b6ca7a30690ce659c4
covid,13092020_CovidNeg_P259_P_4,13092020_CovidNeg_P259_P_4,13092020_CovidNeg_P259_P_4.mzML,0,clinical,Negative COVID-19,P259,,13092020,4,13092020_CovidNeg_P259_P_4.raw,https://ftp.ebi.ac.uk/pub/databases/metabolights/studies/public/MTBLS2291/FILES/Negative/13092020_CovidNeg_P259_P_4.raw,4e2e9546931fea6fe200e5f09d3ba160a71e1eebacc30dc47d2cb1488d55f25a
covid,13092020_CovidNeg_P260_P_2,13092020_CovidNeg_P260_P_2,13092020_CovidNeg_P260_P_2.mzML,0,clinical,Negative COVID-19,P260,,13092020,2,13092020_CovidNeg_P260_P_2.raw,https://ftp.ebi.ac.uk/pub/databases/metabolights/studies/public/MTBLS2291/FILES/Negative/13092020_CovidNeg_P260_P_2.raw,e158d3f0f433e8566e8d4d38ee7b114588d30cf79ce4dd23b91e7db969077c2a
covid,13092020_CovidNeg_P260_P_3,13092020_CovidNeg_P260_P_3,13092020_CovidNeg_P260_P_3.mzML,0,clinical,Negative COVID-19,P260,,13092020,3,13092020_CovidNeg_P260_P_3.raw,https://ftp.ebi.ac.uk/pub/databases/metabolights/studies/public/MTBLS2291/FILES/Negative/13092020_CovidNeg_P260_P_3.raw,95ee13040a2add65f438474061ef52fd6b9e036039358a13a968b8d557c55fce
covid,13092020_CovidNeg_P260_P_4,13092020_CovidNeg_P260_P_4,13092020_CovidNeg_P260_P_4.mzML,0,clinical,Negative COVID-19,P260,,13092020,4,13092020_CovidNeg_P260_P_4.raw,https://ftp.ebi.ac.uk/pub/databases/metabolights/studies/public/MTBLS2291/FILES/Negative/13092020_CovidNeg_P260_P_4.raw,26e395bb09c4d9777080ab7f2ab0d8bc3f80c0a4c67c3bb073f920530c3825ca
covid,13092020_CovidSevere_P273_P_2,13092020_CovidSevere_P273_P_2,13092020_CovidSevere_P273_P_2.mzML,1,clinical,Severe COVID-19,P273,,13092020,2,13092020_CovidSevere_P273_P_2.raw,https://ftp.ebi.ac.uk/pub/databases/metabolights/studies/public/MTBLS2291/FILES/Severe/13092020_CovidSevere_P273_P_2.raw,7840d98b3a6c27c6c35b96c1ca44aaac2bd3ccfc7c2fdf808c293f4ede7de8d2
covid,13092020_CovidSevere_P273_P_3,13092020_CovidSevere_P273_P_3,13092020_CovidSevere_P273_P_3.mzML,1,clinical,Severe COVID-19,P273,,13092020,3,13092020_CovidSevere_P273_P_3.raw,https://ftp.ebi.ac.uk/pub/databases/metabolights/studies/public/MTBLS2291/FILES/Severe/13092020_CovidSevere_P273_P_3.raw,bb96bfa5ebcac6cde009426ecdeac3e401fa1db10570c2cff75cc292f4b30103
covid,13092020_CovidSevere_P273_P_4,13092020_CovidSevere_P273_P_4,13092020_CovidSevere_P273_P_4.mzML,1,clinical,Severe COVID-19,P273,,13092020,4,13092020_CovidSevere_P273_P_4.raw,https://ftp.ebi.ac.uk/pub/databases/metabolights/studies/public/MTBLS2291/FILES/Severe/13092020_CovidSevere_P273_P_4.raw,adb32ca7e59c4ed9bb7147225500ef18baf7bda790555e3b9ef913aed2efcb51
covid,15092020_CovidNeg_P261_P_2,15092020_CovidNeg_P261_P_2,15092020_CovidNeg_P261_P_2.mzML,0,clinical,Negative COVID-19,P261,,15092020,2,15092020_CovidNeg_P261_P_2.raw,https://ftp.ebi.ac.uk/pub/databases/metabolights/studies/public/MTBLS2291/FILES/Negative/15092020_CovidNeg_P261_P_2.raw,a478d4374d7fe8c8820c11d26f70327dd3ea41a30c58664bb21d02b80a3a1296
covid,15092020_CovidNeg_P261_P_3,15092020_CovidNeg_P261_P_3,15092020_CovidNeg_P261_P_3.mzML,0,clinical,Negative COVID-19,P261,,15092020,3,15092020_CovidNeg_P261_P_3.raw,https://ftp.ebi.ac.uk/pub/databases/metabolights/studies/public/MTBLS2291/FILES/Negative/15092020_CovidNeg_P261_P_3.raw,531367c07d17935213864a8377001155127822fc6a8f7bf9e427c7b7d553e3f5
covid,15092020_CovidNeg_P261_P_4,15092020_CovidNeg_P261_P_4,15092020_CovidNeg_P261_P_4.mzML,0,clinical,Negative COVID-19,P261,,15092020,4,15092020_CovidNeg_P261_P_4.raw,https://ftp.ebi.ac.uk/pub/databases/metabolights/studies/public/MTBLS2291/FILES/Negative/15092020_CovidNeg_P261_P_4.raw,60b340798e154a558c1e846b0dce556002adcfe2d7bc7f321841224f63c5769c
covid,15092020_CovidNeg_P262_P_2,15092020_CovidNeg_P262_P_2,15092020_CovidNeg_P262_P_2.mzML,0,clinical,Negative COVID-19,P262,,15092020,2,15092020_CovidNeg_P262_P_2.raw,https://ftp.ebi.ac.uk/pub/databases/metabolights/studies/public/MTBLS2291/FILES/Negative/15092020_CovidNeg_P262_P_2.raw,1696e808902314b1e68f563ecc6838271954474e0e4b999dfcdd14fdc9e3bc6d
covid,15092020_CovidNeg_P262_P_3,15092020_CovidNeg_P262_P_3,15092020_CovidNeg_P262_P_3.mzML,0,clinical,Negative COVID-19,P262,,15092020,3,15092020_CovidNeg_P262_P_3.raw,https://ftp.ebi.ac.uk/pub/databases/metabolights/studies/public/MTBLS2291/FILES/Negative/15092020_CovidNeg_P262_P_3.raw,dd1d9b610ae75bce3522675030e232d830b8b75262c1876c2badd6d7e153467e
covid,15092020_CovidNeg_P262_P_4,15092020_CovidNeg_P262_P_4,15092020_CovidNeg_P262_P_4.mzML,0,clinical,Negative COVID-19,P262,,15092020,4,15092020_CovidNeg_P262_P_4.raw,https://ftp.ebi.ac.uk/pub/databases/metabolights/studies/public/MTBLS2291/FILES/Negative/15092020_CovidNeg_P262_P_4.raw,4ec9f027ee055b385c5577247f3dae64e28a6569657cf8e3824f693b7c7f0c12
covid,15092020_CovidNeg_P263_P_2,15092020_CovidNeg_P263_P_2,15092020_CovidNeg_P263_P_2.mzML,0,clinical,Negative COVID-19,P263,,15092020,2,15092020_CovidNeg_P263_P_2.raw,https://ftp.ebi.ac.uk/pub/databases/metabolights/studies/public/MTBLS2291/FILES/Negative/15092020_CovidNeg_P263_P_2.raw,c3c4cc0b3c5e627866aba354f7183f5d12a73f9a431869d07c3a6b2719577a6a
covid,15092020_CovidNeg_P263_P_3,15092020_CovidNeg_P263_P_3,15092020_CovidNeg_P263_P_3.mzML,0,clinical,Negative COVID-19,P263,,15092020,3,15092020_CovidNeg_P263_P_3.raw,https://ftp.ebi.ac.uk/pub/databases/metabolights/studies/public/MTBLS2291/FILES/Negative/15092020_CovidNeg_P263_P_3.raw,78271dcecf4a7531772142c0599edd7a640268843141d3018f17622a5ec5cb5c
covid,15092020_CovidNeg_P263_P_4,15092020_CovidNeg_P263_P_4,15092020_CovidNeg_P263_P_4.mzML,0,clinical,Negative COVID-19,P263,,15092020,4,15092020_CovidNeg_P263_P_4.raw,https://ftp.ebi.ac.uk/pub/databases/metabolights/studies/public/MTBLS2291/FILES/Negative/15092020_CovidNeg_P263_P_4.raw,399bae055b11db3d02c63d82a367ecf84824a1927c0e54edbc5809723f44eb3b
covid,15092020_CovidNeg_P264_P_2,15092020_CovidNeg_P264_P_2,15092020_CovidNeg_P264_P_2.mzML,0,clinical,Negative COVID-19,P264,,15092020,2,15092020_CovidNeg_P264_P_2.raw,https://ftp.ebi.ac.uk/pub/databases/metabolights/studies/public/MTBLS2291/FILES/Negative/15092020_CovidNeg_P264_P_2.raw,c9c09e0cbbb630413eddf8ee7857a4be2c1c7d3cd9786f867038a789d2ae1446
covid,15092020_CovidNeg_P264_P_3,15092020_CovidNeg_P264_P_3,15092020_CovidNeg_P264_P_3.mzML,0,clinical,Negative COVID-19,P264,,15092020,3,15092020_CovidNeg_P264_P_3.raw,https://ftp.ebi.ac.uk/pub/databases/metabolights/studies/public/MTBLS2291/FILES/Negative/15092020_CovidNeg_P264_P_3.raw,95d5d0b35cf6a404ce428435a3d22ab9c0c26ab6d1333211d6833aa15d9b6933
covid,15092020_CovidNeg_P264_P_4,15092020_CovidNeg_P264_P_4,15092020_CovidNeg_P264_P_4.mzML,0,clinical,Negative COVID-19,P264,,15092020,4,15092020_CovidNeg_P264_P_4.raw,https://ftp.ebi.ac.uk/pub/databases/metabolights/studies/public/MTBLS2291/FILES/Negative/15092020_CovidNeg_P264_P_4.raw,8c2761e039d90a0325d2252c7ba7fe715bb07cc14aabc488e582c3df4f1df48c
covid,15092020_CovidNeg_P265_P_2,15092020_CovidNeg_P265_P_2,15092020_CovidNeg_P265_P_2.mzML,0,clinical,Negative COVID-19,P265,,15092020,2,15092020_CovidNeg_P265_P_2.raw,https://ftp.ebi.ac.uk/pub/databases/metabolights/studies/public/MTBLS2291/FILES/Negative/15092020_CovidNeg_P265_P_2.raw,1b067b8c8e2bd160060a1aa4a81adb858b7cac5b1e59508a31e6cd801fcba5a3
covid,15092020_CovidNeg_P265_P_3,15092020_CovidNeg_P265_P_3,15092020_CovidNeg_P265_P_3.mzML,0,clinical,Negative COVID-19,P265,,15092020,3,15092020_CovidNeg_P265_P_3.raw,https://ftp.ebi.ac.uk/pub/databases/metabolights/studies/public/MTBLS2291/FILES/Negative/15092020_CovidNeg_P265_P_3.raw,731e5231b1b6577eee8bbeac3f243fb713d2ad400000457a9fa11db103626f5e
covid,15092020_CovidNeg_P265_P_4,15092020_CovidNeg_P265_P_4,15092020_CovidNeg_P265_P_4.mzML,0,clinical,Negative COVID-19,P265,,15092020,4,15092020_CovidNeg_P265_P_4.raw,https://ftp.ebi.ac.uk/pub/databases/metabolights/studies/public/MTBLS2291/FILES/Negative/15092020_CovidNeg_P265_P_4.raw,5a692e378b4aeb5bd33f17a0bc68ee523ebb99fc938a18097855408f5a609daf
covid,15092020_CovidNeg_P266_P_2,15092020_CovidNeg_P266_P_2,15092020_CovidNeg_P266_P_2.mzML,0,clinical,Negative COVID-19,P266,,15092020,2,15092020_CovidNeg_P266_P_2.raw,https://ftp.ebi.ac.uk/pub/databases/metabolights/studies/public/MTBLS2291/FILES/Negative/15092020_CovidNeg_P266_P_2.raw,ecb986e2795a1fca1f84baf8ce5f069a4bee12c4e2f09f6ef00272615c7b37ac
covid,15092020_CovidNeg_P266_P_3,15092020_CovidNeg_P266_P_3,15092020_CovidNeg_P266_P_3.mzML,0,clinical,Negative COVID-19,P266,,15092020,3,15092020_CovidNeg_P266_P_3.raw,https://ftp.ebi.ac.uk/pub/databases/metabolights/studies/public/MTBLS2291/FILES/Negative/15092020_CovidNeg_P266_P_3.raw,32aabbb7a9acaf1503386cc3212a2766dd4e2d55219f6f455676c677e80fa149
covid,15092020_CovidNeg_P266_P_4,15092020_CovidNeg_P266_P_4,15092020_CovidNeg_P266_P_4.mzML,0,clinical,Negative COVID-19,P266,,15092020,4,15092020_CovidNeg_P266_P_4.raw,https://ftp.ebi.ac.uk/pub/databases/metabolights/studies/public/MTBLS2291/FILES/Negative/15092020_CovidNeg_P266_P_4.raw,30cecb4e38cc93cbc635d5ae8f5aa493bcd00dcae8771e0440e213abc0f2b546
covid,15092020_CovidNeg_P267_P_2,15092020_CovidNeg_P267_P_2,15092020_CovidNeg_P267_P_2.mzML,0,clinical,Negative COVID-19,P267,,15092020,2,15092020_CovidNeg_P267_P_2.raw,https://ftp.ebi.ac.uk/pub/databases/metabolights/studies/public/MTBLS2291/FILES/Negative/15092020_CovidNeg_P267_P_2.raw,ec9af54bdb8ab84fe5dd63c31e0f404d42e96b42f2f0cb81a2874de95765ecd6
covid,15092020_CovidNeg_P267_P_3,15092020_CovidNeg_P267_P_3,15092020_CovidNeg_P267_P_3.mzML,0,clinical,Negative COVID-19,P267,,15092020,3,15092020_CovidNeg_P267_P_3.raw,https://ftp.ebi.ac.uk/pub/databases/metabolights/studies/public/MTBLS2291/FILES/Negative/15092020_CovidNeg_P267_P_3.raw,9e03457ba7b25add9c1762b229bced0c5d89e29134bc5045bf7469f6e3acd33b
covid,15092020_CovidNeg_P267_P_4,15092020_CovidNeg_P267_P_4,15092020_CovidNeg_P267_P_4.mzML,0,clinical,Negative COVID-19,P267,,15092020,4,15092020_CovidNeg_P267_P_4.raw,https://ftp.ebi.ac.uk/pub/databases/metabolights/studies/public/MTBLS2291/FILES/Negative/15092020_CovidNeg_P267_P_4.raw,e7331cea27ea8916f69eadb7c99ed30a4a52915393292ff12a132d1bd944c2d9
covid,15092020_CovidNeg_P268_P_2,15092020_CovidNeg_P268_P_2,15092020_CovidNeg_P268_P_2.mzML,0,clinical,Negative COVID-19,P268,,15092020,2,15092020_CovidNeg_P268_P_2.raw,https://ftp.ebi.ac.uk/pub/databases/metabolights/studies/public/MTBLS2291/FILES/Negative/15092020_CovidNeg_P268_P_2.raw,40d1d6a19ce1d5e778524432f90409989977c7137e0b094af042f504705903f7
covid,15092020_CovidNeg_P268_P_3,15092020_CovidNeg_P268_P_3,15092020_CovidNeg_P268_P_3.mzML,0,clinical,Negative COVID-19,P268,,15092020,3,15092020_CovidNeg_P268_P_3.raw,https://ftp.ebi.ac.uk/pub/databases/metabolights/studies/public/MTBLS2291/FILES/Negative/15092020_CovidNeg_P268_P_3.raw,8ca90fd13463c6e8fc1e0900e483827b7a68f815522ade6d8178bcfa0bddb7c0
covid,15092020_CovidNeg_P268_P_4,15092020_CovidNeg_P268_P_4,15092020_CovidNeg_P268_P_4.mzML,0,clinical,Negative COVID-19,P268,,15092020,4,15092020_CovidNeg_P268_P_4.raw,https://ftp.ebi.ac.uk/pub/databases/metabolights/studies/public/MTBLS2291/FILES/Negative/15092020_CovidNeg_P268_P_4.raw,cc707ddcf734dfdb4c75f8993c7be2142f3978f3f1134b84f0f37ac08b55a82a
covid,15092020_CovidNeg_P269_P_2,15092020_CovidNeg_P269_P_2,15092020_CovidNeg_P269_P_2.mzML,0,clinical,Negative COVID-19,P269,,15092020,2,15092020_CovidNeg_P269_P_2.raw,https://ftp.ebi.ac.uk/pub/databases/metabolights/studies/public/MTBLS2291/FILES/Negative/15092020_CovidNeg_P269_P_2.raw,4951f36e9e3a25b7570e0c4eca745bbc1f9d2dd377eb008f3b881d0d9428c7dc
covid,15092020_CovidNeg_P269_P_3,15092020_CovidNeg_P269_P_3,15092020_CovidNeg_P269_P_3.mzML,0,clinical,Negative COVID-19,P269,,15092020,3,15092020_CovidNeg_P269_P_3.raw,https://ftp.ebi.ac.uk/pub/databases/metabolights/studies/public/MTBLS2291/FILES/Negative/15092020_CovidNeg_P269_P_3.raw,1be3fb1de937998edae4a34e5d93b8961f8016c7d04c49ec47e11835e36bef41
covid,15092020_CovidNeg_P269_P_4,15092020_CovidNeg_P269_P_4,15092020_CovidNeg_P269_P_4.mzML,0,clinical,Negative COVID-19,P269,,15092020,4,15092020_CovidNeg_P269_P_4.raw,https://ftp.ebi.ac.uk/pub/databases/metabolights/studies/public/MTBLS2291/FILES/Negative/15092020_CovidNeg_P269_P_4.raw,63461c94ee472eb6ad93fa50276ee93070538fda836e5305614832a754211f26
covid,15092020_CovidNeg_P270_P_2,15092020_CovidNeg_P270_P_2,15092020_CovidNeg_P270_P_2.mzML,0,clinical,Negative COVID-19,P270,,15092020,2,15092020_CovidNeg_P270_P_2.raw,https://ftp.ebi.ac.uk/pub/databases/metabolights/studies/public/MTBLS2291/FILES/Negative/15092020_CovidNeg_P270_P_2.raw,08f1da0d1b9c9c332a2b5c0aa5f7a493f3267989acd8937ef79d342946243e35
covid,15092020_CovidNeg_P270_P_3,15092020_CovidNeg_P270_P_3,15092020_CovidNeg_P270_P_3.mzML,0,clinical,Negative COVID-19,P270,,15092020,3,15092020_CovidNeg_P270_P_3.raw,https://ftp.ebi.ac.uk/pub/databases/metabolights/studies/public/MTBLS2291/FILES/Negative/15092020_CovidNeg_P270_P_3.raw,3980280094120bf5b31d3b5d48307fc81a6548cf21103fb8a5f42b58fee6988f
covid,15092020_CovidNeg_P270_P_4,15092020_CovidNeg_P270_P_4,15092020_CovidNeg_P270_P_4.mzML,0,clinical,Negative COVID-19,P270,,15092020,4,15092020_CovidNeg_P270_P_4.raw,https://ftp.ebi.ac.uk/pub/databases/metabolights/studies/public/MTBLS2291/FILES/Negative/15092020_CovidNeg_P270_P_4.raw,b6d0314c21ec42157e433251f316c005122c5176c870879fb1fbf925b401b7b2
covid,15092020_CovidNeg_P271_P_2,15092020_CovidNeg_P271_P_2,15092020_CovidNeg_P271_P_2.mzML,0,clinical,Negative COVID-19,P271,,15092020,2,15092020_CovidNeg_P271_P_2.raw,https://ftp.ebi.ac.uk/pub/databases/metabolights/studies/public/MTBLS2291/FILES/Negative/15092020_CovidNeg_P271_P_2.raw,da98f8f166f34b5f51a1c6952880195e2125702ed0ac63319877d429ba51f364
covid,15092020_CovidNeg_P271_P_3,15092020_CovidNeg_P271_P_3,15092020_CovidNeg_P271_P_3.mzML,0,clinical,Negative COVID-19,P271,,15092020,3,15092020_CovidNeg_P271_P_3.raw,https://ftp.ebi.ac.uk/pub/databases/metabolights/studies/public/MTBLS2291/FILES/Negative/15092020_CovidNeg_P271_P_3.raw,530209fbba8b8869ff1fc39214124dc128d58a3530b90e2c3d47047c9d781ffb
covid,15092020_CovidNeg_P271_P_4,15092020_CovidNeg_P271_P_4,15092020_CovidNeg_P271_P_4.mzML,0,clinical,Negative COVID-19,P271,,15092020,4,15092020_CovidNeg_P271_P_4.raw,https://ftp.ebi.ac.uk/pub/databases/metabolights/studies/public/MTBLS2291/FILES/Negative/15092020_CovidNeg_P271_P_4.raw,9e33fd6710542a790f1f3cafb98d3f25135e467b9234eb87210ca75e5ee33411
covid,15092020_CovidSevere_P272_P_2,15092020_CovidSevere_P272_P_2,15092020_CovidSevere_P272_P_2.mzML,1,clinical,Severe COVID-19,P272,,15092020,2,15092020_CovidSevere_P272_P_2.raw,https://ftp.ebi.ac.uk/pub/databases/metabolights/studies/public/MTBLS2291/FILES/Severe/15092020_CovidSevere_P272_P_2.raw,68ddb88ea97dedd8a1cd1f884cda291d93ac247de4146de420100cdbb60f9786
covid,15092020_CovidSevere_P272_P_3,15092020_CovidSevere_P272_P_3,15092020_CovidSevere_P272_P_3.mzML,1,clinical,Severe COVID-19,P272,,15092020,3,15092020_CovidSevere_P272_P_3.raw,https://ftp.ebi.ac.uk/pub/databases/metabolights/studies/public/MTBLS2291/FILES/Severe/15092020_CovidSevere_P272_P_3.raw,2e5d078b6fb8d0c0c6ecf3e164e9f6c4c09d7f038ec30a2af3f20d9c6837c124
covid,15092020_CovidSevere_P272_P_4,15092020_CovidSevere_P272_P_4,15092020_CovidSevere_P272_P_4.mzML,1,clinical,Severe COVID-19,P272,,15092020,4,15092020_CovidSevere_P272_P_4.raw,https://ftp.ebi.ac.uk/pub/databases/metabolights/studies/public/MTBLS2291/FILES/Severe/15092020_CovidSevere_P272_P_4.raw,712b19c25fb26fbac2b50c9ea1a4d60eaaa5dd1f4591241e3bc6856e97a1420c
covid,15092020_CovidSevere_P283_P_2,15092020_CovidSevere_P283_P_2,15092020_CovidSevere_P283_P_2.mzML,1,clinical,Severe COVID-19,P283,,15092020,2,15092020_CovidSevere_P283_P_2.raw,https://ftp.ebi.ac.uk/pub/databases/metabolights/studies/public/MTBLS2291/FILES/Severe/15092020_CovidSevere_P283_P_2.raw,6fe309b63c57c33d7f1ffb1b87ce8ecbf7a92f2dd8225d8b92163d806aa9acf4
covid,15092020_CovidSevere_P283_P_3,15092020_CovidSevere_P283_P_3,15092020_CovidSevere_P283_P_3.mzML,1,clinical,Severe COVID-19,P283,,15092020,3,15092020_CovidSevere_P283_P_3.raw,https://ftp.ebi.ac.uk/pub/databases/metabolights/studies/public/MTBLS2291/FILES/Severe/15092020_CovidSevere_P283_P_3.raw,9ac26bd4b8152c8a431337e1488bb0aa1f3c0ea2c3d2e101e3caf10ede40ecf6
covid,15092020_CovidSevere_P283_P_4,15092020_CovidSevere_P283_P_4,15092020_CovidSevere_P283_P_4.mzML,1,clinical,Severe COVID-19,P283,,15092020,4,15092020_CovidSevere_P283_P_4.raw,https://ftp.ebi.ac.uk/pub/databases/metabolights/studies/public/MTBLS2291/FILES/Severe/15092020_CovidSevere_P283_P_4.raw,a86a49ca89ee01be8640599f71d3468342fd00ae8fd825a275a1bf4295037e6f
covid,15092020_CovidSevere_P284_P_2,15092020_CovidSevere_P284_P_2,15092020_CovidSevere_P284_P_2.mzML,1,clinical,Severe COVID-19,P284,,15092020,2,15092020_CovidSevere_P284_P_2.raw,https://ftp.ebi.ac.uk/pub/databases/metabolights/studies/public/MTBLS2291/FILES/Severe/15092020_CovidSevere_P284_P_2.raw,9ab85450766f05666b636b1036e9efa24bdcc56890855755f34dd24eb8043e87
covid,15092020_CovidSevere_P284_P_3,15092020_CovidSevere_P284_P_3,15092020_CovidSevere_P284_P_3.mzML,1,clinical,Severe COVID-19,P284,,15092020,3,15092020_CovidSevere_P284_P_3.raw,https://ftp.ebi.ac.uk/pub/databases/metabolights/studies/public/MTBLS2291/FILES/Severe/15092020_CovidSevere_P284_P_3.raw,609c9cb7e396d62cc57ba188ae2f6aa20cae4d0872b8ffe816d73f251c75c1c1
covid,15092020_CovidSevere_P284_P_4,15092020_CovidSevere_P284_P_4,15092020_CovidSevere_P284_P_4.mzML,1,clinical,Severe COVID-19,P284,,15092020,4,15092020_CovidSevere_P284_P_4.raw,https://ftp.ebi.ac.uk/pub/databases/metabolights/studies/public/MTBLS2291/FILES/Severe/15092020_CovidSevere_P284_P_4.raw,4b9799e413a0fedd560fbada72ec50d887f3455e80c51261b64139ebee82c159
covid,15092020_CovidSevere_P285_P_2,15092020_CovidSevere_P285_P_2,15092020_CovidSevere_P285_P_2.mzML,1,clinical,Severe COVID-19,P285,,15092020,2,15092020_CovidSevere_P285_P_2.raw,https://ftp.ebi.ac.uk/pub/databases/metabolights/studies/public/MTBLS2291/FILES/Severe/15092020_CovidSevere_P285_P_2.raw,0ece1f30dd41d869ea902e91ea4cc5b7dd9aa1d4b5beff9eef301bfffaeeac7d
covid,15092020_CovidSevere_P285_P_3,15092020_CovidSevere_P285_P_3,15092020_CovidSevere_P285_P_3.mzML,1,clinical,Severe COVID-19,P285,,15092020,3,15092020_CovidSevere_P285_P_3.raw,https://ftp.ebi.ac.uk/pub/databases/metabolights/studies/public/MTBLS2291/FILES/Severe/15092020_CovidSevere_P285_P_3.raw,e1601af7a3aeb221081d4e5e63bfa4ce4f4962e769ff74dd76f7a600a705b328
covid,15092020_CovidSevere_P285_P_4,15092020_CovidSevere_P285_P_4,15092020_CovidSevere_P285_P_4.mzML,1,clinical,Severe COVID-19,P285,,15092020,4,15092020_CovidSevere_P285_P_4.raw,https://ftp.ebi.ac.uk/pub/databases/metabolights/studies/public/MTBLS2291/FILES/Severe/15092020_CovidSevere_P285_P_4.raw,890433844545389144619a29a8e88fb49f8710bf87ac3db9443fd34b446d5ac0
covid,20092020_CovidNeg_P354_P_2,20092020_CovidNeg_P354_P_2,20092020_CovidNeg_P354_P_2.mzML,0,clinical,Negative COVID-19,P354,,20092020,2,20092020_CovidNeg_P354_P_2.raw,https://ftp.ebi.ac.uk/pub/databases/metabolights/studies/public/MTBLS2291/FILES/Negative/20092020_CovidNeg_P354_P_2.raw,a5d57d67d18d0f7c95c0bd4267adc8d2d0f1937d3a7a9b64c8199ab781537190
covid,20092020_CovidNeg_P354_P_3,20092020_CovidNeg_P354_P_3,20092020_CovidNeg_P354_P_3.mzML,0,clinical,Negative COVID-19,P354,,20092020,3,20092020_CovidNeg_P354_P_3.raw,https://ftp.ebi.ac.uk/pub/databases/metabolights/studies/public/MTBLS2291/FILES/Negative/20092020_CovidNeg_P354_P_3.raw,67b30a9004a4b41f5bf64d42bb94798db697320f6b40897e615b92f4627b4873
covid,20092020_CovidNeg_P354_P_4,20092020_CovidNeg_P354_P_4,20092020_CovidNeg_P354_P_4.mzML,0,clinical,Negative COVID-19,P354,,20092020,4,20092020_CovidNeg_P354_P_4.raw,https://ftp.ebi.ac.uk/pub/databases/metabolights/studies/public/MTBLS2291/FILES/Negative/20092020_CovidNeg_P354_P_4.raw,faa50abf27e402ac25db346d26030c67bfbb4de2e225bb4c17302834d9473830
covid,20092020_CovidNeg_P356_P_2,20092020_CovidNeg_P356_P_2,20092020_CovidNeg_P356_P_2.mzML,0,clinical,Negative COVID-19,P356,,20092020,2,20092020_CovidNeg_P356_P_2.raw,https://ftp.ebi.ac.uk/pub/databases/metabolights/studies/public/MTBLS2291/FILES/Negative/20092020_CovidNeg_P356_P_2.raw,a603823725667b199fbddd132552f69dd49fdc194d9709b62c644870e82f56b8
covid,20092020_CovidNeg_P356_P_3,20092020_CovidNeg_P356_P_3,20092020_CovidNeg_P356_P_3.mzML,0,clinical,Negative COVID-19,P356,,20092020,3,20092020_CovidNeg_P356_P_3.raw,https://ftp.ebi.ac.uk/pub/databases/metabolights/studies/public/MTBLS2291/FILES/Negative/20092020_CovidNeg_P356_P_3.raw,af83d8b0d85cf1bf671aa8a80f3b91b8d41453bc98cd9685648e07b762b66d9b
covid,20092020_CovidNeg_P356_P_4,20092020_CovidNeg_P356_P_4,20092020_CovidNeg_P356_P_4.mzML,0,clinical,Negative COVID-19,P356,,20092020,4,20092020_CovidNeg_P356_P_4.raw,https://ftp.ebi.ac.uk/pub/databases/metabolights/studies/public/MTBLS2291/FILES/Negative/20092020_CovidNeg_P356_P_4.raw,6cee9c655b462bf911849d3ba01b993da3435d4f971fe5d4cad6ead35248fdc3
covid,20092020_CovidNeg_P357_P_2,20092020_CovidNeg_P357_P_2,20092020_CovidNeg_P357_P_2.mzML,0,clinical,Negative COVID-19,P357,,20092020,2,20092020_CovidNeg_P357_P_2.raw,https://ftp.ebi.ac.uk/pub/databases/metabolights/studies/public/MTBLS2291/FILES/Negative/20092020_CovidNeg_P357_P_2.raw,23fa8d386415abc81aeb4eb33ffc83852217d7b704000d24364060d4ab7e56a3
covid,20092020_CovidNeg_P357_P_3,20092020_CovidNeg_P357_P_3,20092020_CovidNeg_P357_P_3.mzML,0,clinical,Negative COVID-19,P357,,20092020,3,20092020_CovidNeg_P357_P_3.raw,https://ftp.ebi.ac.uk/pub/databases/metabolights/studies/public/MTBLS2291/FILES/Negative/20092020_CovidNeg_P357_P_3.raw,0c0977c9f9622bf14dc840908032deb6c66d2c808f13a756d1ed7dcdea626d64
covid,20092020_CovidNeg_P357_P_4,20092020_CovidNeg_P357_P_4,20092020_CovidNeg_P357_P_4.mzML,0,clinical,Negative COVID-19,P357,,20092020,4,20092020_CovidNeg_P357_P_4.raw,https://ftp.ebi.ac.uk/pub/databases/metabolights/studies/public/MTBLS2291/FILES/Negative/20092020_CovidNeg_P357_P_4.raw,80e489a8f716256e72072d3039ed1cf7e55369bea4387c426b0e2577a8fe21a9
covid,20092020_CovidNeg_P400_P_2,20092020_CovidNeg_P400_P_2,20092020_CovidNeg_P400_P_2.mzML,0,clinical,Negative COVID-19,P400,,20092020,2,20092020_CovidNeg_P400_P_2.raw,https://ftp.ebi.ac.uk/pub/databases/metabolights/studies/public/MTBLS2291/FILES/Negative/20092020_CovidNeg_P400_P_2.raw,0ab5bf147899de8f9226e4a2b7103212951e1ebc78576a35e2b7736211304fbc
covid,20092020_CovidNeg_P400_P_3,20092020_CovidNeg_P400_P_3,20092020_CovidNeg_P400_P_3.mzML,0,clinical,Negative COVID-19,P400,,20092020,3,20092020_CovidNeg_P400_P_3.raw,https://ftp.ebi.ac.uk/pub/databases/metabolights/studies/public/MTBLS2291/FILES/Negative/20092020_CovidNeg_P400_P_3.raw,b75068d52dcbc7f0a19053c68d772bbe1944cf3f6d0b8c32f31c45356c086896
covid,20092020_CovidNeg_P400_P_4,20092020_CovidNeg_P400_P_4,20092020_CovidNeg_P400_P_4.mzML,0,clinical,Negative COVID-19,P400,,20092020,4,20092020_CovidNeg_P400_P_4.raw,https://ftp.ebi.ac.uk/pub/databases/metabolights/studies/public/MTBLS2291/FILES/Negative/20092020_CovidNeg_P400_P_4.raw,8b4c427de383075d0b95784ff9fdf41ebca3ff38c6ba9219ee843592232de49d
covid,20092020_CovidSevere_P286_P_2,20092020_CovidSevere_P286_P_2,20092020_CovidSevere_P286_P_2.mzML,1,clinical,Severe COVID-19,P286,,20092020,2,20092020_CovidSevere_P286_P_2.raw,https://ftp.ebi.ac.uk/pub/databases/metabolights/studies/public/MTBLS2291/FILES/Severe/20092020_CovidSevere_P286_P_2.raw,473f1227ebead33934c1f08adcce29fa7ffc151bd8ed62ff2aaa56348cdb2c77
covid,20092020_CovidSevere_P286_P_3,20092020_CovidSevere_P286_P_3,20092020_CovidSevere_P286_P_3.mzML,1,clinical,Severe COVID-19,P286,,20092020,3,20092020_CovidSevere_P286_P_3.raw,https://ftp.ebi.ac.uk/pub/databases/metabolights/studies/public/MTBLS2291/FILES/Severe/20092020_CovidSevere_P286_P_3.raw,41507d37f33aa4f279cac04a23328456719e397de7d670e3facfa0737c4d6c60
covid,20092020_CovidSevere_P286_P_4,20092020_CovidSevere_P286_P_4,20092020_CovidSevere_P286_P_4.mzML,1,clinical,Severe COVID-19,P286,,20092020,4,20092020_CovidSevere_P286_P_4.raw,https://ftp.ebi.ac.uk/pub/databases/metabolights/studies/public/MTBLS2291/FILES/Severe/20092020_CovidSevere_P286_P_4.raw,bd20e6e2e808fc5ae713391f41073282fb42c9c3f2120a34b486e9b95d50ce27
covid,20092020_CovidSevere_P287_P_2,20092020_CovidSevere_P287_P_2,20092020_CovidSevere_P287_P_2.mzML,1,clinical,Severe COVID-19,P287,,20092020,2,20092020_CovidSevere_P287_P_2.raw,https://ftp.ebi.ac.uk/pub/databases/metabolights/studies/public/MTBLS2291/FILES/Severe/20092020_CovidSevere_P287_P_2.raw,b521cb50b2c63169d72ee0415bb7bc333d542961afe170699bcccda6b515ddc4
covid,20092020_CovidSevere_P287_P_3,20092020_CovidSevere_P287_P_3,20092020_CovidSevere_P287_P_3.mzML,1,clinical,Severe COVID-19,P287,,20092020,3,20092020_CovidSevere_P287_P_3.raw,https://ftp.ebi.ac.uk/pub/databases/metabolights/studies/public/MTBLS2291/FILES/Severe/20092020_CovidSevere_P287_P_3.raw,65cc076026ac46e3526eca82a1bdc2f53f99ff3b3a7aa7f16d6c0f006e99e0c7
covid,20092020_CovidSevere_P287_P_4,20092020_CovidSevere_P287_P_4,20092020_CovidSevere_P287_P_4.mzML,1,clinical,Severe COVID-19,P287,,20092020,4,20092020_CovidSevere_P287_P_4.raw,https://ftp.ebi.ac.uk/pub/databases/metabolights/studies/public/MTBLS2291/FILES/Severe/20092020_CovidSevere_P287_P_4.raw,adb4b7af1b2608bd9fee1441f92b3f025588ffaddcf2e6a73443989941e4e88b
covid,20092020_CovidSevere_P288_P_2,20092020_CovidSevere_P288_P_2,20092020_CovidSevere_P288_P_2.mzML,1,clinical,Severe COVID-19,P288,,20092020,2,20092020_CovidSevere_P288_P_2.raw,https://ftp.ebi.ac.uk/pub/databases/metabolights/studies/public/MTBLS2291/FILES/Severe/20092020_CovidSevere_P288_P_2.raw,68d4c925711b02228ac8bcd2dd0568f51b2c73b1e90ce52ca7c760b0bcf49f00
covid,20092020_CovidSevere_P288_P_3,20092020_CovidSevere_P288_P_3,20092020_CovidSevere_P288_P_3.mzML,1,clinical,Severe COVID-19,P288,,20092020,3,20092020_CovidSevere_P288_P_3.raw,https://ftp.ebi.ac.uk/pub/databases/metabolights/studies/public/MTBLS2291/FILES/Severe/20092020_CovidSevere_P288_P_3.raw,74a112065d4ca0e39d99f66974d44bb272bba401fda53e90c26040d2b8f48849
covid,20092020_CovidSevere_P288_P_4,20092020_CovidSevere_P288_P_4,20092020_CovidSevere_P288_P_4.mzML,1,clinical,Severe COVID-19,P288,,20092020,4,20092020_CovidSevere_P288_P_4.raw,https://ftp.ebi.ac.uk/pub/databases/metabolights/studies/public/MTBLS2291/FILES/Severe/20092020_CovidSevere_P288_P_4.raw,6de868385083d46b022503ca92c4cb8b712443419be7946f13aca368415295eb
covid,20092020_CovidSevere_P289_P_2,20092020_CovidSevere_P289_P_2,20092020_CovidSevere_P289_P_2.mzML,1,clinical,Severe COVID-19,P289,,20092020,2,20092020_CovidSevere_P289_P_2.raw,https://ftp.ebi.ac.uk/pub/databases/metabolights/studies/public/MTBLS2291/FILES/Severe/20092020_CovidSevere_P289_P_2.raw,79fcf10dac1b88505e8ffbc19bea18709f9ec115c5f9bae31ba0c6e42aee4c4f
covid,20092020_CovidSevere_P289_P_3,20092020_CovidSevere_P289_P_3,20092020_CovidSevere_P289_P_3.mzML,1,clinical,Severe COVID-19,P289,,20092020,3,20092020_CovidSevere_P289_P_3.raw,https://ftp.ebi.ac.uk/pub/databases/metabolights/studies/public/MTBLS2291/FILES/Severe/20092020_CovidSevere_P289_P_3.raw,0a70b4c342107e60e84b48b8f889c6500aa2291ed6ee3aca830eef71f79a7faf
covid,20092020_CovidSevere_P289_P_4,20092020_CovidSevere_P289_P_4,20092020_CovidSevere_P289_P_4.mzML,1,clinical,Severe COVID-19,P289,,20092020,4,20092020_CovidSevere_P289_P_4.raw,https://ftp.ebi.ac.uk/pub/databases/metabolights/studies/public/MTBLS2291/FILES/Severe/20092020_CovidSevere_P289_P_4.raw,b5f547219c5bb6013a8e82a9e09fcc232c27a27849fdcf2901b7d4bc64e0f8ed
covid,20092020_CovidSevere_P298_P_2,20092020_CovidSevere_P298_P_2,20092020_CovidSevere_P298_P_2.mzML,1,clinical,Severe COVID-19,P298,,20092020,2,20092020_CovidSevere_P298_P_2.raw,https://ftp.ebi.ac.uk/pub/databases/metabolights/studies/public/MTBLS2291/FILES/Severe/20092020_CovidSevere_P298_P_2.raw,f565712b151655e5c803efcc015c2747dc9cf8449013e2c67c2cb9f87d341802
covid,20092020_CovidSevere_P298_P_3,20092020_CovidSevere_P298_P_3,20092020_CovidSevere_P298_P_3.mzML,1,clinical,Severe COVID-19,P298,,20092020,3,20092020_CovidSevere_P298_P_3.raw,https://ftp.ebi.ac.uk/pub/databases/metabolights/studies/public/MTBLS2291/FILES/Severe/20092020_CovidSevere_P298_P_3.raw,aab6a52f739b2f7562b5ce1193194218202172d84d1a31296554048213dfb46f
covid,20092020_CovidSevere_P298_P_4,20092020_CovidSevere_P298_P_4,20092020_CovidSevere_P298_P_4.mzML,1,clinical,Severe COVID-19,P298,,20092020,4,20092020_CovidSevere_P298_P_4.raw,https://ftp.ebi.ac.uk/pub/databases/metabolights/studies/public/MTBLS2291/FILES/Severe/20092020_CovidSevere_P298_P_4.raw,eb6a7dcc2bd1686e7a27ecaa35967c02dc373d369813f5866d0eb9c100b318cf
covid,22092020_CovidSevere_P315_P_2,22092020_CovidSevere_P315_P_2,22092020_CovidSevere_P315_P_2.mzML,1,clinical,Severe COVID-19,P315,,22092020,2,22092020_CovidSevere_P315_P_2.raw,https://ftp.ebi.ac.uk/pub/databases/metabolights/studies/public/MTBLS2291/FILES/Severe/22092020_CovidSevere_P315_P_2.raw,13a90fdd335449743c2d681fc7d2c2bd68dd22ba5826768ce4f524890dfd4a30
covid,22092020_CovidSevere_P315_P_3,22092020_CovidSevere_P315_P_3,22092020_CovidSevere_P315_P_3.mzML,1,clinical,Severe COVID-19,P315,,22092020,3,22092020_CovidSevere_P315_P_3.raw,https://ftp.ebi.ac.uk/pub/databases/metabolights/studies/public/MTBLS2291/FILES/Severe/22092020_CovidSevere_P315_P_3.raw,74010d16507b2c5a9a78f049a7991559a64d341fc3e0f1b5df14210602de141b
covid,22092020_CovidSevere_P315_P_4,22092020_CovidSevere_P315_P_4,22092020_CovidSevere_P315_P_4.mzML,1,clinical,Severe COVID-19,P315,,22092020,4,22092020_CovidSevere_P315_P_4.raw,https://ftp.ebi.ac.uk/pub/databases/metabolights/studies/public/MTBLS2291/FILES/Severe/22092020_CovidSevere_P315_P_4.raw,f4031b170b6166f58d343c62560a3806150c592439be56b84a3c1d81fd34bcd8
covid,22092020_CovidSevere_P334_P_2,22092020_CovidSevere_P334_P_2,22092020_CovidSevere_P334_P_2.mzML,1,clinical,Severe COVID-19,P334,,22092020,2,22092020_CovidSevere_P334_P_2.raw,https://ftp.ebi.ac.uk/pub/databases/metabolights/studies/public/MTBLS2291/FILES/Severe/22092020_CovidSevere_P334_P_2.raw,d2abf37d45544b6b0933e44110653033b3295c6627016074b4384a8539d27d8e
covid,22092020_CovidSevere_P334_P_3,22092020_CovidSevere_P334_P_3,22092020_CovidSevere_P334_P_3.mzML,1,clinical,Severe COVID-19,P334,,22092020,3,22092020_CovidSevere_P334_P_3.raw,https://ftp.ebi.ac.uk/pub/databases/metabolights/studies/public/MTBLS2291/FILES/Severe/22092020_CovidSevere_P334_P_3.raw,d6344ceb4298245752de447963bea1722e4ab0e5a8097dfdec32e9e20149026c
covid,22092020_CovidSevere_P334_P_4,22092020_CovidSevere_P334_P_4,22092020_CovidSevere_P334_P_4.mzML,1,clinical,Severe COVID-19,P334,,22092020,4,22092020_CovidSevere_P334_P_4.raw,https://ftp.ebi.ac.uk/pub/databases/metabolights/studies/public/MTBLS2291/FILES/Severe/22092020_CovidSevere_P334_P_4.raw,198cc46026a86e7036c7899a88c4a3385c8edbe88966818d198a1cce11b774d5
covid,22092020_CovidSevere_P336_P_2,22092020_CovidSevere_P336_P_2,22092020_CovidSevere_P336_P_2.mzML,1,clinical,Severe COVID-19,P336,,22092020,2,22092020_CovidSevere_P336_P_2.raw,https://ftp.ebi.ac.uk/pub/databases/metabolights/studies/public/MTBLS2291/FILES/Severe/22092020_CovidSevere_P336_P_2.raw,91fdbf83338b17f7778f12a26c77c009975eebe71d7685bf905dcddd2c76f6ea
covid,22092020_CovidSevere_P336_P_3,22092020_CovidSevere_P336_P_3,22092020_CovidSevere_P336_P_3.mzML,1,clinical,Severe COVID-19,P336,,22092020,3,22092020_CovidSevere_P336_P_3.raw,https://ftp.ebi.ac.uk/pub/databases/metabolights/studies/public/MTBLS2291/FILES/Severe/22092020_CovidSevere_P336_P_3.raw,44f526f4492d266a3a0e887e65915a1809ecce027ed7db59bc00ce2dd816aba3
covid,22092020_CovidSevere_P336_P_4,22092020_CovidSevere_P336_P_4,22092020_CovidSevere_P336_P_4.mzML,1,clinical,Severe COVID-19,P336,,22092020,4,22092020_CovidSevere_P336_P_4.raw,https://ftp.ebi.ac.uk/pub/databases/metabolights/studies/public/MTBLS2291/FILES/Severe/22092020_CovidSevere_P336_P_4.raw,e69780f50cba5133fea43b7c661403b16194ae2e4b4e9e4883b8db4d4ab438a8
covid,22092020_CovidSevere_P343_P_2,22092020_CovidSevere_P343_P_2,22092020_CovidSevere_P343_P_2.mzML,1,clinical,Severe COVID-19,P343,,22092020,2,22092020_CovidSevere_P343_P_2.raw,https://ftp.ebi.ac.uk/pub/databases/metabolights/studies/public/MTBLS2291/FILES/Severe/22092020_CovidSevere_P343_P_2.raw,d0d806a6cb6e23b12854828d7ab50c698d58b94094191e077ba1d44fa2c53930
covid,22092020_CovidSevere_P343_P_3,22092020_CovidSevere_P343_P_3,22092020_CovidSevere_P343_P_3.mzML,1,clinical,Severe COVID-19,P343,,22092020,3,22092020_CovidSevere_P343_P_3.raw,https://ftp.ebi.ac.uk/pub/databases/metabolights/studies/public/MTBLS2291/FILES/Severe/22092020_CovidSevere_P343_P_3.raw,0cdd60aeb9f0b586665eb679614ab62c9063970a405ccaa9aabc10ac19d85aed
covid,22092020_CovidSevere_P343_P_4,22092020_CovidSevere_P343_P_4,22092020_CovidSevere_P343_P_4.mzML,1,clinical,Severe COVID-19,P343,,22092020,4,22092020_CovidSevere_P343_P_4.raw,https://ftp.ebi.ac.uk/pub/databases/metabolights/studies/public/MTBLS2291/FILES/Severe/22092020_CovidSevere_P343_P_4.raw,89f1e0cb9b2932fa9c7140ab8c6c1575f1ff3514c694a4000929f3e9a3a839dd
covid,22092020_CovidSevere_P344_P_2,22092020_CovidSevere_P344_P_2,22092020_CovidSevere_P344_P_2.mzML,1,clinical,Severe COVID-19,P344,,22092020,2,22092020_CovidSevere_P344_P_2.raw,https://ftp.ebi.ac.uk/pub/databases/metabolights/studies/public/MTBLS2291/FILES/Severe/22092020_CovidSevere_P344_P_2.raw,652120d4031c3c9feede300d4841ebdc016cd7881b1e37f7f8f0b64062b4e0f7
covid,22092020_CovidSevere_P344_P_3,22092020_CovidSevere_P344_P_3,22092020_CovidSevere_P344_P_3.mzML,1,clinical,Severe COVID-19,P344,,22092020,3,22092020_CovidSevere_P344_P_3.raw,https://ftp.ebi.ac.uk/pub/databases/metabolights/studies/public/MTBLS2291/FILES/Severe/22092020_CovidSevere_P344_P_3.raw,8058187e1c59e0b2328fc4337b09d1f61ceadde813929da4a901b8d59d0b1aed
covid,22092020_CovidSevere_P344_P_4,22092020_CovidSevere_P344_P_4,22092020_CovidSevere_P344_P_4.mzML,1,clinical,Severe COVID-19,P344,,22092020,4,22092020_CovidSevere_P344_P_4.raw,https://ftp.ebi.ac.uk/pub/databases/metabolights/studies/public/MTBLS2291/FILES/Severe/22092020_CovidSevere_P344_P_4.raw,8143f7fbe5e56bbbc0f4e3af39864d79bb8616bf5db9278eabb5b4a66cc9d03d
covid,22092020_CovidSevere_P345_P_2,22092020_CovidSevere_P345_P_2,22092020_CovidSevere_P345_P_2.mzML,1,clinical,Severe COVID-19,P345,,22092020,2,22092020_CovidSevere_P345_P_2.raw,https://ftp.ebi.ac.uk/pub/databases/metabolights/studies/public/MTBLS2291/FILES/Severe/22092020_CovidSevere_P345_P_2.raw,a7416892b856a0509b2629133ad6120eab552d585818cf6c9c39808ad4233e9e
covid,22092020_CovidSevere_P345_P_3,22092020_CovidSevere_P345_P_3,22092020_CovidSevere_P345_P_3.mzML,1,clinical,Severe COVID-19,P345,,22092020,3,22092020_CovidSevere_P345_P_3.raw,https://ftp.ebi.ac.uk/pub/databases/metabolights/studies/public/MTBLS2291/FILES/Severe/22092020_CovidSevere_P345_P_3.raw,89bbe1172fad91cb05cb83167d53cc1dfabb9868017337f316accfbb525197ee
covid,22092020_CovidSevere_P345_P_4,22092020_CovidSevere_P345_P_4,22092020_CovidSevere_P345_P_4.mzML,1,clinical,Severe COVID-19,P345,,22092020,4,22092020_CovidSevere_P345_P_4.raw,https://ftp.ebi.ac.uk/pub/databases/metabolights/studies/public/MTBLS2291/FILES/Severe/22092020_CovidSevere_P345_P_4.raw,1a62fb63a9fd0b782abf583bc0be3fc1fe02aef71fd6f31db1f2ce6de1740576
covid,23092020_CovidSevere_P318_P_2,23092020_CovidSevere_P318_P_2,23092020_CovidSevere_P318_P_2.mzML,1,clinical,Severe COVID-19,P318,,23092020,2,23092020_CovidSevere_P318_P_2.raw,https://ftp.ebi.ac.uk/pub/databases/metabolights/studies/public/MTBLS2291/FILES/Severe/23092020_CovidSevere_P318_P_2.raw,db1981afb4b9045c5da87fa1346422b20d3ddcc201a790c48d321fa6198ffe0d
covid,23092020_CovidSevere_P318_P_3,23092020_CovidSevere_P318_P_3,23092020_CovidSevere_P318_P_3.mzML,1,clinical,Severe COVID-19,P318,,23092020,3,23092020_CovidSevere_P318_P_3.raw,https://ftp.ebi.ac.uk/pub/databases/metabolights/studies/public/MTBLS2291/FILES/Severe/23092020_CovidSevere_P318_P_3.raw,26a793bb11a153b8f15c1674d9915da010753fb3f0190e02b9a69b8c443fb3e2
covid,23092020_CovidSevere_P318_P_4,23092020_CovidSevere_P318_P_4,23092020_CovidSevere_P318_P_4.mzML,1,clinical,Severe COVID-19,P318,,23092020,4,23092020_CovidSevere_P318_P_4.raw,https://ftp.ebi.ac.uk/pub/databases/metabolights/studies/public/MTBLS2291/FILES/Severe/23092020_CovidSevere_P318_P_4.raw,841100b5e03e242fe1e24200ffd8b09492374d1453bb3b259b8896a727d5bb68
covid,23092020_CovidSevere_P360_P_2,23092020_CovidSevere_P360_P_2,23092020_CovidSevere_P360_P_2.mzML,1,clinical,Severe COVID-19,P360,,23092020,2,23092020_CovidSevere_P360_P_2.raw,https://ftp.ebi.ac.uk/pub/databases/metabolights/studies/public/MTBLS2291/FILES/Severe/23092020_CovidSevere_P360_P_2.raw,958d2c72ff85b0bf7f1d78de64dcdc5fc824a262c5ac512e011d95815c36c848
covid,23092020_CovidSevere_P360_P_3,23092020_CovidSevere_P360_P_3,23092020_CovidSevere_P360_P_3.mzML,1,clinical,Severe COVID-19,P360,,23092020,3,23092020_CovidSevere_P360_P_3.raw,https://ftp.ebi.ac.uk/pub/databases/metabolights/studies/public/MTBLS2291/FILES/Severe/23092020_CovidSevere_P360_P_3.raw,429c90c0de1485e3cf5fb40fbbe03bcfacbff4dd5343058c202edec03caf525a
covid,23092020_CovidSevere_P360_P_4,23092020_CovidSevere_P360_P_4,23092020_CovidSevere_P360_P_4.mzML,1,clinical,Severe COVID-19,P360,,23092020,4,23092020_CovidSevere_P360_P_4.raw,https://ftp.ebi.ac.uk/pub/databases/metabolights/studies/public/MTBLS2291/FILES/Severe/23092020_CovidSevere_P360_P_4.raw,63d442d143e33d76a76bda69f68e50adddf4706112999e17f9ff04a080d3cfbc
covid,23092020_CovidSevere_P361_P_2,23092020_CovidSevere_P361_P_2,23092020_CovidSevere_P361_P_2.mzML,1,clinical,Severe COVID-19,P361,,23092020,2,23092020_CovidSevere_P361_P_2.raw,https://ftp.ebi.ac.uk/pub/databases/metabolights/studies/public/MTBLS2291/FILES/Severe/23092020_CovidSevere_P361_P_2.raw,52e1aaa7da02fe90ebad88e397a2bbab93a0546cc0559559a299f1f2eeb5ed62
covid,23092020_CovidSevere_P361_P_3,23092020_CovidSevere_P361_P_3,23092020_CovidSevere_P361_P_3.mzML,1,clinical,Severe COVID-19,P361,,23092020,3,23092020_CovidSevere_P361_P_3.raw,https://ftp.ebi.ac.uk/pub/databases/metabolights/studies/public/MTBLS2291/FILES/Severe/23092020_CovidSevere_P361_P_3.raw,d44c9ba7ab7155bfa937e8cf47c3b125d92aed8a32a9fb3d0a8cf0ba61d51e0a
covid,23092020_CovidSevere_P361_P_4,23092020_CovidSevere_P361_P_4,23092020_CovidSevere_P361_P_4.mzML,1,clinical,Severe COVID-19,P361,,23092020,4,23092020_CovidSevere_P361_P_4.raw,https://ftp.ebi.ac.uk/pub/databases/metabolights/studies/public/MTBLS2291/FILES/Severe/23092020_CovidSevere_P361_P_4.raw,91fb1b2713c2073c27f771a30304075b646942a1909908c574c85eccc8463680
covid,23092020_CovidSevere_P362_P_2,23092020_CovidSevere_P362_P_2,23092020_CovidSevere_P362_P_2.mzML,1,clinical,Severe COVID-19,P362,,23092020,2,23092020_CovidSevere_P362_P_2.raw,https://ftp.ebi.ac.uk/pub/databases/metabolights/studies/public/MTBLS2291/FILES/Severe/23092020_CovidSevere_P362_P_2.raw,26499d83b74f43414036766f6facbbf0b146a09c49eb73b3b645f1ef240f3741
covid,23092020_CovidSevere_P362_P_3,23092020_CovidSevere_P362_P_3,23092020_CovidSevere_P362_P_3.mzML,1,clinical,Severe COVID-19,P362,,23092020,3,23092020_CovidSevere_P362_P_3.raw,https://ftp.ebi.ac.uk/pub/databases/metabolights/studies/public/MTBLS2291/FILES/Severe/23092020_CovidSevere_P362_P_3.raw,758afc979e3b0613dad9279fa3391fb829a5c8ac021acb90e48b16157ab511a1
covid,23092020_CovidSevere_P362_P_4,23092020_CovidSevere_P362_P_4,23092020_CovidSevere_P362_P_4.mzML,1,clinical,Severe COVID-19,P362,,23092020,4,23092020_CovidSevere_P362_P_4.raw,https://ftp.ebi.ac.uk/pub/databases/metabolights/studies/public/MTBLS2291/FILES/Severe/23092020_CovidSevere_P362_P_4.raw,664518a72b58945f05a43fa31e895f2be153e649c21a36588980b40b3958add8
covid,23092020_CovidSevere_P380_P_2,23092020_CovidSevere_P380_P_2,23092020_CovidSevere_P380_P_2.mzML,1,clinical,Severe COVID-19,P380,,23092020,2,23092020_CovidSevere_P380_P_2.raw,https://ftp.ebi.ac.uk/pub/databases/metabolights/studies/public/MTBLS2291/FILES/Severe/23092020_CovidSevere_P380_P_2.raw,7530278309474620681b8571e64c6e1a33731b325fec41e3bc80940316ed4a79
covid,23092020_CovidSevere_P380_P_3,23092020_CovidSevere_P380_P_3,23092020_CovidSevere_P380_P_3.mzML,1,clinical,Severe COVID-19,P380,,23092020,3,23092020_CovidSevere_P380_P_3.raw,https://ftp.ebi.ac.uk/pub/databases/metabolights/studies/public/MTBLS2291/FILES/Severe/23092020_CovidSevere_P380_P_3.raw,8b2581e75309deac62b7df26a61eed4d7559757c05311ce0b75c9ddaae2d1031
covid,23092020_CovidSevere_P380_P_4,23092020_CovidSevere_P380_P_4,23092020_CovidSevere_P380_P_4.mzML,1,clinical,Severe COVID-19,P380,,23092020,4,23092020_CovidSevere_P380_P_4.raw,https://ftp.ebi.ac.uk/pub/databases/metabolights/studies/public/MTBLS2291/FILES/Severe/23092020_CovidSevere_P380_P_4.raw,e3201cb787096d0db14120419c111c2106ca7e01d1981875b397ff37062dff75
covid,23092020_CovidSevere_P381_P_2,23092020_CovidSevere_P381_P_2,23092020_CovidSevere_P381_P_2.mzML,1,clinical,Severe COVID-19,P381,,23092020,2,23092020_CovidSevere_P381_P_2.raw,https://ftp.ebi.ac.uk/pub/databases/metabolights/studies/public/MTBLS2291/FILES/Severe/23092020_CovidSevere_P381_P_2.raw,ed93e603142b14b8c5cc68fce349f51c7bef893047d04416d364bda145144676
covid,23092020_CovidSevere_P381_P_3,23092020_CovidSevere_P381_P_3,23092020_CovidSevere_P381_P_3.mzML,1,clinical,Severe COVID-19,P381,,23092020,3,23092020_CovidSevere_P381_P_3.raw,https://ftp.ebi.ac.uk/pub/databases/metabolights/studies/public/MTBLS2291/FILES/Severe/23092020_CovidSevere_P381_P_3.raw,e53109dcf305c72cfcbc5b7d736b3e2362eb5d1bd87084890ef9c9590380ec01
covid,23092020_CovidSevere_P381_P_4,23092020_CovidSevere_P381_P_4,23092020_CovidSevere_P381_P_4.mzML,1,clinical,Severe COVID-19,P381,,23092020,4,23092020_CovidSevere_P381_P_4.raw,https://ftp.ebi.ac.uk/pub/databases/metabolights/studies/public/MTBLS2291/FILES/Severe/23092020_CovidSevere_P381_P_4.raw,9f24de5c5c3cffa23142b1a89facd363d842e618c2d1467707ea928b0b0e9ec3
covid,23092020_CovidSevere_P382_P_2,23092020_CovidSevere_P382_P_2,23092020_CovidSevere_P382_P_2.mzML,1,clinical,Severe COVID-19,P382,,23092020,2,23092020_CovidSevere_P382_P_2.raw,https://ftp.ebi.ac.uk/pub/databases/metabolights/studies/public/MTBLS2291/FILES/Severe/23092020_CovidSevere_P382_P_2.raw,e919f8d3565998fc6b1a29e1597f39025eaf4e4356d2d826e348a77005045299
covid,23092020_CovidSevere_P382_P_3,23092020_CovidSevere_P382_P_3,23092020_CovidSevere_P382_P_3.mzML,1,clinical,Severe COVID-19,P382,,23092020,3,23092020_CovidSevere_P382_P_3.raw,https://ftp.ebi.ac.uk/pub/databases/metabolights/studies/public/MTBLS2291/FILES/Severe/23092020_CovidSevere_P382_P_3.raw,51f7d3e757cc4d8b35c9c293ca10ef6b485acd77c6a3c65af894b0bcf3c835ef
covid,23092020_CovidSevere_P382_P_4,23092020_CovidSevere_P382_P_4,23092020_CovidSevere_P382_P_4.mzML,1,clinical,Severe COVID-19,P382,,23092020,4,23092020_CovidSevere_P382_P_4.raw,https://ftp.ebi.ac.uk/pub/databases/metabolights/studies/public/MTBLS2291/FILES/Severe/23092020_CovidSevere_P382_P_4.raw,0b34252b8a0a71d0cf200e6aa3379db038d8efcd4edc33435c8d7b82437e2a04
covid,23092020_CovidSevere_P401_P_2,23092020_CovidSevere_P401_P_2,23092020_CovidSevere_P401_P_2.mzML,1,clinical,Severe COVID-19,P401,,23092020,2,23092020_CovidSevere_P401_P_2.raw,https://ftp.ebi.ac.uk/pub/databases/metabolights/studies/public/MTBLS2291/FILES/Severe/23092020_CovidSevere_P401_P_2.raw,34459db95b4cadd513dd3088f3803b69e519e483d6570d686f588eeb6541034b
covid,23092020_CovidSevere_P401_P_3,23092020_CovidSevere_P401_P_3,23092020_CovidSevere_P401_P_3.mzML,1,clinical,Severe COVID-19,P401,,23092020,3,23092020_CovidSevere_P401_P_3.raw,https://ftp.ebi.ac.uk/pub/databases/metabolights/studies/public/MTBLS2291/FILES/Severe/23092020_CovidSevere_P401_P_3.raw,d81cec44c22ff0dbaabc803d972e658b607a63688eee88e55e023a9f46a8a938
covid,23092020_CovidSevere_P401_P_4,23092020_CovidSevere_P401_P_4,23092020_CovidSevere_P401_P_4.mzML,1,clinical,Severe COVID-19,P401,,23092020,4,23092020_CovidSevere_P401_P_4.raw,https://ftp.ebi.ac.uk/pub/databases/metabolights/studies/public/MTBLS2291/FILES/Severe/23092020_CovidSevere_P401_P_4.raw,edf334e6e8819d17a468969d61137ec067f9fe2158837a0d1cd5a24ac25668b6
covid,23092020_CovidSevere_P411_P_2,23092020_CovidSevere_P411_P_2,23092020_CovidSevere_P411_P_2.mzML,1,clinical,Severe COVID-19,P411,,23092020,2,23092020_CovidSevere_P411_P_2.raw,https://ftp.ebi.ac.uk/pub/databases/metabolights/studies/public/MTBLS2291/FILES/Severe/23092020_CovidSevere_P411_P_2.raw,96a9b2d221a6462c4a239d246425ccac992510ab45f1e9095df20f6b142b349c
covid,23092020_CovidSevere_P411_P_3,23092020_CovidSevere_P411_P_3,23092020_CovidSevere_P411_P_3.mzML,1,clinical,Severe COVID-19,P411,,23092020,3,23092020_CovidSevere_P411_P_3.raw,https://ftp.ebi.ac.uk/pub/databases/metabolights/studies/public/MTBLS2291/FILES/Severe/23092020_CovidSevere_P411_P_3.raw,6d6a1f3322d02cb4a48a54440e385cba7129907e1ab4a4f529076fd7871eaf2f
covid,23092020_CovidSevere_P411_P_4,23092020_CovidSevere_P411_P_4,23092020_CovidSevere_P411_P_4.mzML,1,clinical,Severe COVID-19,P411,,23092020,4,23092020_CovidSevere_P411_P_4.raw,https://ftp.ebi.ac.uk/pub/databases/metabolights/studies/public/MTBLS2291/FILES/Severe/23092020_CovidSevere_P411_P_4.raw,8cb3f17032603c406ee2c83eef2d68e2b4f8ec73b08ea00a71d91b555dd188da
covid,23092020_CovidSevere_P413_P_2,23092020_CovidSevere_P413_P_2,23092020_CovidSevere_P413_P_2.mzML,1,clinical,Severe COVID-19,P413,,23092020,2,23092020_CovidSevere_P413_P_2.raw,https://ftp.ebi.ac.uk/pub/databases/metabolights/studies/public/MTBLS2291/FILES/Severe/23092020_CovidSevere_P413_P_2.raw,8c73a73a4f966318762a5725f02c706d90925d08fed4d2c2cbf712514ec65539
covid,23092020_CovidSevere_P413_P_3,23092020_CovidSevere_P413_P_3,23092020_CovidSevere_P413_P_3.mzML,1,clinical,Severe COVID-19,P413,,23092020,3,23092020_CovidSevere_P413_P_3.raw,https://ftp.ebi.ac.uk/pub/databases/metabolights/studies/public/MTBLS2291/FILES/Severe/23092020_CovidSevere_P413_P_3.raw,2a41ceb2a01d50f2e64738830872fcaad7df27e6a2a6dc68175f7f39a0fd4b08
covid,23092020_CovidSevere_P413_P_4,23092020_CovidSevere_P413_P_4,23092020_CovidSevere_P413_P_4.mzML,1,clinical,Severe COVID-19,P413,,23092020,4,23092020_CovidSevere_P413_P_4.raw,https://ftp.ebi.ac.uk/pub/databases/metabolights/studies/public/MTBLS2291/FILES/Severe/23092020_CovidSevere_P413_P_4.raw,e0c7f809629606a04ff6989dfbb8ebd842a873ca74eb93bb9583f7cef2981531
covid,24092020_CovidSevere_P297_P_2,24092020_CovidSevere_P297_P_2,24092020_CovidSevere_P297_P_2.mzML,1,clinical,Severe COVID-19,P297,,24092020,2,24092020_CovidSevere_P297_P_2.raw,https://ftp.ebi.ac.uk/pub/databases/metabolights/studies/public/MTBLS2291/FILES/Severe/24092020_CovidSevere_P297_P_2.raw,77dd8f2ecb012fe3c3de909b30e1c01572e95a6848caa06df52ac06ab8cd3be5
covid,24092020_CovidSevere_P297_P_3,24092020_CovidSevere_P297_P_3,24092020_CovidSevere_P297_P_3.mzML,1,clinical,Severe COVID-19,P297,,24092020,3,24092020_CovidSevere_P297_P_3.raw,https://ftp.ebi.ac.uk/pub/databases/metabolights/studies/public/MTBLS2291/FILES/Severe/24092020_CovidSevere_P297_P_3.raw,37b66813077fbbc1131b4c482c06bde5c62d24b19238ae709d108d9e66e8e705
covid,24092020_CovidSevere_P297_P_4,24092020_CovidSevere_P297_P_4,24092020_CovidSevere_P297_P_4.mzML,1,clinical,Severe COVID-19,P297,,24092020,4,24092020_CovidSevere_P297_P_4.raw,https://ftp.ebi.ac.uk/pub/databases/metabolights/studies/public/MTBLS2291/FILES/Severe/24092020_CovidSevere_P297_P_4.raw,2261b9bcfb89e10cac925b9b9fb9dcd6741824042a7127dd16317d5c5bb94de1
covid,26092020_CovidNeg_P435_P_2,26092020_CovidNeg_P435_P_2,26092020_CovidNeg_P435_P_2.mzML,0,clinical,Negative COVID-19,P435,,26092020,2,26092020_CovidNeg_P435_P_2.raw,https://ftp.ebi.ac.uk/pub/databases/metabolights/studies/public/MTBLS2291/FILES/Negative/26092020_CovidNeg_P435_P_2.raw,f7ad880cb0f7946174fc38e363216cbcd64ad65dbc7c4c3542afa7f40b8d3fce
covid,26092020_CovidNeg_P435_P_3,26092020_CovidNeg_P435_P_3,26092020_CovidNeg_P435_P_3.mzML,0,clinical,Negative COVID-19,P435,,26092020,3,26092020_CovidNeg_P435_P_3.raw,https://ftp.ebi.ac.uk/pub/databases/metabolights/studies/public/MTBLS2291/FILES/Negative/26092020_CovidNeg_P435_P_3.raw,68d827840e94906e91f77420e9720bd3438c2375ce2f6833030a33edff9b98a2
covid,26092020_CovidNeg_P435_P_4,26092020_CovidNeg_P435_P_4,26092020_CovidNeg_P435_P_4.mzML,0,clinical,Negative COVID-19,P435,,26092020,4,26092020_CovidNeg_P435_P_4.raw,https://ftp.ebi.ac.uk/pub/databases/metabolights/studies/public/MTBLS2291/FILES/Negative/26092020_CovidNeg_P435_P_4.raw,714bb0dc636d61b3dd357a9d755bbf9868c60afe091f897807db92b49ae4eb89
covid,26092020_CovidNeg_P444_P_2,26092020_CovidNeg_P444_P_2,26092020_CovidNeg_P444_P_2.mzML,0,clinical,Negative COVID-19,P444,,26092020,2,26092020_CovidNeg_P444_P_2.raw,https://ftp.ebi.ac.uk/pub/databases/metabolights/studies/public/MTBLS2291/FILES/Negative/26092020_CovidNeg_P444_P_2.raw,1c926ae26dbcaf3346eb1a22dab70296bb6cf56ce793d3e5dc04daada25aba8d
covid,26092020_CovidNeg_P444_P_3,26092020_CovidNeg_P444_P_3,26092020_CovidNeg_P444_P_3.mzML,0,clinical,Negative COVID-19,P444,,26092020,3,26092020_CovidNeg_P444_P_3.raw,https://ftp.ebi.ac.uk/pub/databases/metabolights/studies/public/MTBLS2291/FILES/Negative/26092020_CovidNeg_P444_P_3.raw,14fdbf04cab78389d1d5fa4e581e4504955d1259bfe6d4b39bb329c4e691d2b3
covid,26092020_CovidNeg_P444_P_4,26092020_CovidNeg_P444_P_4,26092020_CovidNeg_P444_P_4.mzML,0,clinical,Negative COVID-19,P444,,26092020,4,26092020_CovidNeg_P444_P_4.raw,https://ftp.ebi.ac.uk/pub/databases/metabolights/studies/public/MTBLS2291/FILES/Negative/26092020_CovidNeg_P444_P_4.raw,f9ad100caba0c796f904845f94f678a6bea01d98db9c5f2d3cd68a70629dcb97
covid,26092020_CovidNeg_P465_P_2,26092020_CovidNeg_P465_P_2,26092020_CovidNeg_P465_P_2.mzML,0,clinical,Negative COVID-19,P465,,26092020,2,26092020_CovidNeg_P465_P_2.raw,https://ftp.ebi.ac.uk/pub/databases/metabolights/studies/public/MTBLS2291/FILES/Negative/26092020_CovidNeg_P465_P_2.raw,43ac279622170201177902c3392de2b61a7ad7eadb488fee7199fb7dfda74573
covid,26092020_CovidNeg_P465_P_3,26092020_CovidNeg_P465_P_3,26092020_CovidNeg_P465_P_3.mzML,0,clinical,Negative COVID-19,P465,,26092020,3,26092020_CovidNeg_P465_P_3.raw,https://ftp.ebi.ac.uk/pub/databases/metabolights/studies/public/MTBLS2291/FILES/Negative/26092020_CovidNeg_P465_P_3.raw,39e57f046e759017d90a9ce38f4eed2e8931481e489cbe2b0c89e4235bfaa2c4
covid,26092020_CovidNeg_P465_P_4,26092020_CovidNeg_P465_P_4,26092020_CovidNeg_P465_P_4.mzML,0,clinical,Negative COVID-19,P465,,26092020,4,26092020_CovidNeg_P465_P_4.raw,https://ftp.ebi.ac.uk/pub/databases/metabolights/studies/public/MTBLS2291/FILES/Negative/26092020_CovidNeg_P465_P_4.raw,030c666bf298309e3a635d91ec40fa19fb0437fdace24e16448f274ba0e9d002
covid,26092020_CovidNeg_P466_P_2,26092020_CovidNeg_P466_P_2,26092020_CovidNeg_P466_P_2.mzML,0,clinical,Negative COVID-19,P466,,26092020,2,26092020_CovidNeg_P466_P_2.raw,https://ftp.ebi.ac.uk/pub/databases/metabolights/studies/public/MTBLS2291/FILES/Negative/26092020_CovidNeg_P466_P_2.raw,bc16ec86d65d3e622a745cb59b709dae537d662d8a93ebb998126951a07849fa
covid,26092020_CovidNeg_P466_P_3,26092020_CovidNeg_P466_P_3,26092020_CovidNeg_P466_P_3.mzML,0,clinical,Negative COVID-19,P466,,26092020,3,26092020_CovidNeg_P466_P_3.raw,https://ftp.ebi.ac.uk/pub/databases/metabolights/studies/public/MTBLS2291/FILES/Negative/26092020_CovidNeg_P466_P_3.raw,bcc04ebe6c6a1f0c4b4ecc4bc61f6ee25962658b9be34a69424fbe02d165c7e4
covid,26092020_CovidNeg_P466_P_4,26092020_CovidNeg_P466_P_4,26092020_CovidNeg_P466_P_4.mzML,0,clinical,Negative COVID-19,P466,,26092020,4,26092020_CovidNeg_P466_P_4.raw,https://ftp.ebi.ac.uk/pub/databases/metabolights/studies/public/MTBLS2291/FILES/Negative/26092020_CovidNeg_P466_P_4.raw,c8dec37e49ff0014902fce6a279db28792c2804c0ad6c97c614ae2ad501bd20d
covid,26092020_CovidNeg_P473_P_2,26092020_CovidNeg_P473_P_2,26092020_CovidNeg_P473_P_2.mzML,0,clinical,Negative COVID-19,P473,,26092020,2,26092020_CovidNeg_P473_P_2.raw,https://ftp.ebi.ac.uk/pub/databases/metabolights/studies/public/MTBLS2291/FILES/Negative/26092020_CovidNeg_P473_P_2.raw,66536775772230a47b3831e462891fbce26bfe5b3f8a1655d668124ee1c1387c
covid,26092020_CovidNeg_P473_P_3,26092020_CovidNeg_P473_P_3,26092020_CovidNeg_P473_P_3.mzML,0,clinical,Negative COVID-19,P473,,26092020,3,26092020_CovidNeg_P473_P_3.raw,https://ftp.ebi.ac.uk/pub/databases/metabolights/studies/public/MTBLS2291/FILES/Negative/26092020_CovidNeg_P473_P_3.raw,8b7fa5b85ac619fddf9c70aaf2d11f0ca829c044a7fad7696c2b3cfc5ac0454a
covid,26092020_CovidNeg_P473_P_4,26092020_CovidNeg_P473_P_4,26092020_CovidNeg_P473_P_4.mzML,0,clinical,Negative COVID-19,P473,,26092020,4,26092020_CovidNeg_P473_P_4.raw,https://ftp.ebi.ac.uk/pub/databases/metabolights/studies/public/MTBLS2291/FILES/Negative/26092020_CovidNeg_P473_P_4.raw,971c88ed5ef2fa55f1c88cda43323958745df7ac4ab77dc39b3a47d129e2588f
covid,26092020_CovidNeg_P478_P_2,26092020_CovidNeg_P478_P_2,26092020_CovidNeg_P478_P_2.mzML,0,clinical,Negative COVID-19,P478,,26092020,2,26092020_CovidNeg_P478_P_2.raw,https://ftp.ebi.ac.uk/pub/databases/metabolights/studies/public/MTBLS2291/FILES/Negative/26092020_CovidNeg_P478_P_2.raw,d55b87c271f46efc53c3b91982ae7558536598ba6a1c844ea1d30c29f6a4cb27
covid,26092020_CovidNeg_P478_P_3,26092020_CovidNeg_P478_P_3,26092020_CovidNeg_P478_P_3.mzML,0,clinical,Negative COVID-19,P478,,26092020,3,26092020_CovidNeg_P478_P_3.raw,https://ftp.ebi.ac.uk/pub/databases/metabolights/studies/public/MTBLS2291/FILES/Negative/26092020_CovidNeg_P478_P_3.raw,b5f71ad787b1969b84233556e5e02cff33165b129582752976302db98f660e49
covid,26092020_CovidNeg_P478_P_4,26092020_CovidNeg_P478_P_4,26092020_CovidNeg_P478_P_4.mzML,0,clinical,Negative COVID-19,P478,,26092020,4,26092020_CovidNeg_P478_P_4.raw,https://ftp.ebi.ac.uk/pub/databases/metabolights/studies/public/MTBLS2291/FILES/Negative/26092020_CovidNeg_P478_P_4.raw,40d32bcf667d3c73f8e65d41fbba9c495cd30e163804b3c0f296345d349567c3
covid,26092020_CovidNeg_P480_P_2,26092020_CovidNeg_P480_P_2,26092020_CovidNeg_P480_P_2.mzML,0,clinical,Negative COVID-19,P480,,26092020,2,26092020_CovidNeg_P480_P_2.raw,https://ftp.ebi.ac.uk/pub/databases/metabolights/studies/public/MTBLS2291/FILES/Negative/26092020_CovidNeg_P480_P_2.raw,0c88f848718df432c44df6841f5da0c392b02fffcb5915c896af0eb8328b4993
covid,26092020_CovidNeg_P480_P_3,26092020_CovidNeg_P480_P_3,26092020_CovidNeg_P480_P_3.mzML,0,clinical,Negative COVID-19,P480,,26092020,3,26092020_CovidNeg_P480_P_3.raw,https://ftp.ebi.ac.uk/pub/databases/metabolights/studies/public/MTBLS2291/FILES/Negative/26092020_CovidNeg_P480_P_3.raw,88cb96e821f90936010f6be1e7c4ec8557d1287fff34bf201ec1f5cd2af598ec
covid,26092020_CovidNeg_P480_P_4,26092020_CovidNeg_P480_P_4,26092020_CovidNeg_P480_P_4.mzML,0,clinical,Negative COVID-19,P480,,26092020,4,26092020_CovidNeg_P480_P_4.raw,https://ftp.ebi.ac.uk/pub/databases/metabolights/studies/public/MTBLS2291/FILES/Negative/26092020_CovidNeg_P480_P_4.raw,568d68cfecf72b6fb6e85a934666c74e2a604665822d0b5d9ed5d15f7c0b0c6c
covid,26092020_CovidNeg_P486_P_2,26092020_CovidNeg_P486_P_2,26092020_CovidNeg_P486_P_2.mzML,0,clinical,Negative COVID-19,P486,,26092020,2,26092020_CovidNeg_P486_P_2.raw,https://ftp.ebi.ac.uk/pub/databases/metabolights/studies/public/MTBLS2291/FILES/Negative/26092020_CovidNeg_P486_P_2.raw,2e3ef535aa2a6ff4507d5cadb5c99ef88a7be4a09f86ee6ece468dc82819af5a
covid,26092020_CovidNeg_P486_P_3,26092020_CovidNeg_P486_P_3,26092020_CovidNeg_P486_P_3.mzML,0,clinical,Negative COVID-19,P486,,26092020,3,26092020_CovidNeg_P486_P_3.raw,https://ftp.ebi.ac.uk/pub/databases/metabolights/studies/public/MTBLS2291/FILES/Negative/26092020_CovidNeg_P486_P_3.raw,d682cfaf0d2adef124f019336774f50bbbda03a255f516327be6802b5b2a7248
covid,26092020_CovidNeg_P486_P_4,26092020_CovidNeg_P486_P_4,26092020_CovidNeg_P486_P_4.mzML,0,clinical,Negative COVID-19,P486,,26092020,4,26092020_CovidNeg_P486_P_4.raw,https://ftp.ebi.ac.uk/pub/databases/metabolights/studies/public/MTBLS2291/FILES/Negative/26092020_CovidNeg_P486_P_4.raw,c6f1bfaa5bd1a1477a8465cb243cf3f2a10bf57b789ace1b9bfae480387b9ea6
covid,26092020_CovidSevere_P420_P_2,26092020_CovidSevere_P420_P_2,26092020_CovidSevere_P420_P_2.mzML,1,clinical,Severe COVID-19,P420,,26092020,2,26092020_CovidSevere_P420_P_2.raw,https://ftp.ebi.ac.uk/pub/databases/metabolights/studies/public/MTBLS2291/FILES/Severe/26092020_CovidSevere_P420_P_2.raw,e6920364f5541ac0bda190ad3bb10932146a09cb5d9ebcd7588282c1206876e7
covid,26092020_CovidSevere_P420_P_3,26092020_CovidSevere_P420_P_3,26092020_CovidSevere_P420_P_3.mzML,1,clinical,Severe COVID-19,P420,,26092020,3,26092020_CovidSevere_P420_P_3.raw,https://ftp.ebi.ac.uk/pub/databases/metabolights/studies/public/MTBLS2291/FILES/Severe/26092020_CovidSevere_P420_P_3.raw,aa498e7e0153b41da28a3fc915bd79cab73c2cff65604a517d587e78c79ebb26
covid,26092020_CovidSevere_P420_P_4,26092020_CovidSevere_P420_P_4,26092020_CovidSevere_P420_P_4.mzML,1,clinical,Severe COVID-19,P420,,26092020,4,26092020_CovidSevere_P420_P_4.raw,https://ftp.ebi.ac.uk/pub/databases/metabolights/studies/public/MTBLS2291/FILES/Severe/26092020_CovidSevere_P420_P_4.raw,9e885f486be2822be6f0e22ae3b904fd2bbfa2f123f3937439bc147567376551
covid,26092020_CovidSevere_P428_P_2,26092020_CovidSevere_P428_P_2,26092020_CovidSevere_P428_P_2.mzML,1,clinical,Severe COVID-19,P428,,26092020,2,26092020_CovidSevere_P428_P_2.raw,https://ftp.ebi.ac.uk/pub/databases/metabolights/studies/public/MTBLS2291/FILES/Severe/26092020_CovidSevere_P428_P_2.raw,128a7ec4b1643411aee69f3eb6e1d615832f2639dfdc61a577f3e5d85096692e
covid,26092020_CovidSevere_P428_P_3,26092020_CovidSevere_P428_P_3,26092020_CovidSevere_P428_P_3.mzML,1,clinical,Severe COVID-19,P428,,26092020,3,26092020_CovidSevere_P428_P_3.raw,https://ftp.ebi.ac.uk/pub/databases/metabolights/studies/public/MTBLS2291/FILES/Severe/26092020_CovidSevere_P428_P_3.raw,46a2acdb2a016ee70b08e5befdda47fe02db8bce6b21d3f644e9ea89c6fa974f
covid,26092020_CovidSevere_P428_P_4,26092020_CovidSevere_P428_P_4,26092020_CovidSevere_P428_P_4.mzML,1,clinical,Severe COVID-19,P428,,26092020,4,26092020_CovidSevere_P428_P_4.raw,https://ftp.ebi.ac.uk/pub/databases/metabolights/studies/public/MTBLS2291/FILES/Severe/26092020_CovidSevere_P428_P_4.raw,becb8395cd9ec57daa590cc46cc20871b899febed89a67a9636600fe3a4302ba
covid,26092020_CovidSevere_P429_P_2,26092020_CovidSevere_P429_P_2,26092020_CovidSevere_P429_P_2.mzML,1,clinical,Severe COVID-19,P429,,26092020,2,26092020_CovidSevere_P429_P_2.raw,https://ftp.ebi.ac.uk/pub/databases/metabolights/studies/public/MTBLS2291/FILES/Severe/26092020_CovidSevere_P429_P_2.raw,de0692a84d3489d75176312dd270d38b43841959a4cd2fea74693d63e4f6ea38
covid,26092020_CovidSevere_P429_P_3,26092020_CovidSevere_P429_P_3,26092020_CovidSevere_P429_P_3.mzML,1,clinical,Severe COVID-19,P429,,26092020,3,26092020_CovidSevere_P429_P_3.raw,https://ftp.ebi.ac.uk/pub/databases/metabolights/studies/public/MTBLS2291/FILES/Severe/26092020_CovidSevere_P429_P_3.raw,bbe08ea6843322e0f002e251becf48991b05ec3a37199d204d4929b31036bebf
covid,26092020_CovidSevere_P429_P_4,26092020_CovidSevere_P429_P_4,26092020_CovidSevere_P429_P_4.mzML,1,clinical,Severe COVID-19,P429,,26092020,4,26092020_CovidSevere_P429_P_4.raw,https://ftp.ebi.ac.uk/pub/databases/metabolights/studies/public/MTBLS2291/FILES/Severe/26092020_CovidSevere_P429_P_4.raw,3153199519b2803bb9a6f69a305ec9d83c9da9a56cb9400667aeb6636f427af3
covid,26092020_CovidSevere_P442_P_2,26092020_CovidSevere_P442_P_2,26092020_CovidSevere_P442_P_2.mzML,1,clinical,Severe COVID-19,P442,,26092020,2,26092020_CovidSevere_P442_P_2.raw,https://ftp.ebi.ac.uk/pub/databases/metabolights/studies/public/MTBLS2291/FILES/Severe/26092020_CovidSevere_P442_P_2.raw,96976da55e49092adacdcaf2212bd68ed5dab0d24926663ac2abfa743a42aec0
covid,26092020_CovidSevere_P442_P_3,26092020_CovidSevere_P442_P_3,26092020_CovidSevere_P442_P_3.mzML,1,clinical,Severe COVID-19,P442,,26092020,3,26092020_CovidSevere_P442_P_3.raw,https://ftp.ebi.ac.uk/pub/databases/metabolights/studies/public/MTBLS2291/FILES/Severe/26092020_CovidSevere_P442_P_3.raw,a88d37c362e0444e17f80f2ed9a2a118f470ce697e2b94822407b9465c3f8285
covid,26092020_CovidSevere_P442_P_4,26092020_CovidSevere_P442_P_4,26092020_CovidSevere_P442_P_4.mzML,1,clinical,Severe COVID-19,P442,,26092020,4,26092020_CovidSevere_P442_P_4.raw,https://ftp.ebi.ac.uk/pub/databases/metabolights/studies/public/MTBLS2291/FILES/Severe/26092020_CovidSevere_P442_P_4.raw,05d5b24efce2a0812ab0fe6713f9682121af24a2475493bc4993397644576bf3
covid,26092020_CovidSevere_P472_P_2,26092020_CovidSevere_P472_P_2,26092020_CovidSevere_P472_P_2.mzML,1,clinical,Severe COVID-19,P472,,26092020,2,26092020_CovidSevere_P472_P_2.raw,https://ftp.ebi.ac.uk/pub/databases/metabolights/studies/public/MTBLS2291/FILES/Severe/26092020_CovidSevere_P472_P_2.raw,7b40fab2ce69fbad8cbc43eb189b52043f7b6651f60e6068e8022bdc1d6dabbe
covid,26092020_CovidSevere_P472_P_3,26092020_CovidSevere_P472_P_3,26092020_CovidSevere_P472_P_3.mzML,1,clinical,Severe COVID-19,P472,,26092020,3,26092020_CovidSevere_P472_P_3.raw,https://ftp.ebi.ac.uk/pub/databases/metabolights/studies/public/MTBLS2291/FILES/Severe/26092020_CovidSevere_P472_P_3.raw,71025d270a6533b7a0cd9a2020e68ac2426bfcd0c47b53b4bc565999ef47f08a
covid,26092020_CovidSevere_P472_P_4,26092020_CovidSevere_P472_P_4,26092020_CovidSevere_P472_P_4.mzML,1,clinical,Severe COVID-19,P472,,26092020,4,26092020_CovidSevere_P472_P_4.raw,https://ftp.ebi.ac.uk/pub/databases/metabolights/studies/public/MTBLS2291/FILES/Severe/26092020_CovidSevere_P472_P_4.raw,4814536fa04a206c1b904d0a0f009b329a051d2a684866227ded69291ddd0d67
covid,13092020_Blank_P_1,13092020_Blank_P_1,13092020_Blank_P_1.mzML,,blank,Blank,13092020_Blank_P_1,,13092020,1,13092020_Blank_P_1.raw,https://ftp.ebi.ac.uk/pub/databases/metabolights/studies/public/MTBLS2291/FILES/Blank/13092020_Blank_P_1.raw,34452eb2cd1e40c2dbb8a571ecd7bbb7466d1fc2e1054f6be2b4274ee235234b
covid,13092020_Blank_P_2,13092020_Blank_P_2,13092020_Blank_P_2.mzML,,blank,Blank,13092020_Blank_P_2,,13092020,2,13092020_Blank_P_2.raw,https://ftp.ebi.ac.uk/pub/databases/metabolights/studies/public/MTBLS2291/FILES/Blank/13092020_Blank_P_2.raw,1e550b33f1941d8e664b151cf4205d263e122600d8f8e898ea9fbbae7cadb107
covid,13092020_Blank_P_3,13092020_Blank_P_3,13092020_Blank_P_3.mzML,,blank,Blank,13092020_Blank_P_3,,13092020,3,13092020_Blank_P_3.raw,https://ftp.ebi.ac.uk/pub/databases/metabolights/studies/public/MTBLS2291/FILES/Blank/13092020_Blank_P_3.raw,a967626d5553eac5cbd7e3e9694f97eb1407283eb6b3223cc522c21a7c23adf5
covid,13092020_QCPool_Set1_P_2,13092020_QCPool_Set1_P_2,13092020_QCPool_Set1_P_2.mzML,,qc,QC,13092020_QCPool_Set1_P,,13092020,2,13092020_QCPool_Set1_P_2.raw,https://ftp.ebi.ac.uk/pub/databases/metabolights/studies/public/MTBLS2291/FILES/QCpool/13092020_QCPool_Set1_P_2.raw,ed5a0f2c1b7483cad43297d56093fb8f193953232e85d88e0a1506150ac4dd7d
covid,13092020_QCPool_Set1_P_3,13092020_QCPool_Set1_P_3,13092020_QCPool_Set1_P_3.mzML,,qc,QC,13092020_QCPool_Set1_P,,13092020,3,13092020_QCPool_Set1_P_3.raw,https://ftp.ebi.ac.uk/pub/databases/metabolights/studies/public/MTBLS2291/FILES/QCpool/13092020_QCPool_Set1_P_3.raw,ffecfd68d27306dc9785398cf29e11b35191ae55997fbf081466e9db29defaac
covid,13092020_QCPool_Set1_P_4,13092020_QCPool_Set1_P_4,13092020_QCPool_Set1_P_4.mzML,,qc,QC,13092020_QCPool_Set1_P,,13092020,4,13092020_QCPool_Set1_P_4.raw,https://ftp.ebi.ac.uk/pub/databases/metabolights/studies/public/MTBLS2291/FILES/QCpool/13092020_QCPool_Set1_P_4.raw,87960838e8d7d026cb386bfbb367895c99b948cde8e057995d8b483043a3363f
covid,13092020_QCPool_Set2_P_2,13092020_QCPool_Set2_P_2,13092020_QCPool_Set2_P_2.mzML,,qc,QC,13092020_QCPool_Set2_P,,13092020,2,13092020_QCPool_Set2_P_2.raw,https://ftp.ebi.ac.uk/pub/databases/metabolights/studies/public/MTBLS2291/FILES/QCpool/13092020_QCPool_Set2_P_2.raw,c8ac2c3563608bf6631ea0cbcee3ba2dbddb374af98aa89c5a9534ebf65e2812
covid,13092020_QCPool_Set2_P_3,13092020_QCPool_Set2_P_3,13092020_QCPool_Set2_P_3.mzML,,qc,QC,13092020_QCPool_Set2_P,,13092020,3,13092020_QCPool_Set2_P_3.raw,https://ftp.ebi.ac.uk/pub/databases/metabolights/studies/public/MTBLS2291/FILES/QCpool/13092020_QCPool_Set2_P_3.raw,d2a7610170516fb243720bbac9935dc9b31d77ead1e62d36dfdefc5051c87120
covid,13092020_QCPool_Set2_P_4,13092020_QCPool_Set2_P_4,13092020_QCPool_Set2_P_4.mzML,,qc,QC,13092020_QCPool_Set2_P,,13092020,4,13092020_QCPool_Set2_P_4.raw,https://ftp.ebi.ac.uk/pub/databases/metabolights/studies/public/MTBLS2291/FILES/QCpool/13092020_QCPool_Set2_P_4.raw,eb2ca5232a01e5f99f694b642b68b7d411146dc0985606a8d07d3974f4f81891
covid,13092020_QCPool_Set3_P_2,13092020_QCPool_Set3_P_2,13092020_QCPool_Set3_P_2.mzML,,qc,QC,13092020_QCPool_Set3_P,,13092020,2,13092020_QCPool_Set3_P_2.raw,https://ftp.ebi.ac.uk/pub/databases/metabolights/studies/public/MTBLS2291/FILES/QCpool/13092020_QCPool_Set3_P_2.raw,1b0473797e478cb9d2094d68a7d915b012132c651ed61c7cfdb7d72e48a38f7f
covid,13092020_QCPool_Set3_P_3,13092020_QCPool_Set3_P_3,13092020_QCPool_Set3_P_3.mzML,,qc,QC,13092020_QCPool_Set3_P,,13092020,3,13092020_QCPool_Set3_P_3.raw,https://ftp.ebi.ac.uk/pub/databases/metabolights/studies/public/MTBLS2291/FILES/QCpool/13092020_QCPool_Set3_P_3.raw,1cc03ed6eae8d511b4cb7f20743a14d18fb9f12353bf2f0fc057449a07c64db6
covid,13092020_QCPool_Set3_P_4,13092020_QCPool_Set3_P_4,13092020_QCPool_Set3_P_4.mzML,,qc,QC,13092020_QCPool_Set3_P,,13092020,4,13092020_QCPool_Set3_P_4.raw,https://ftp.ebi.ac.uk/pub/databases/metabolights/studies/public/MTBLS2291/FILES/QCpool/13092020_QCPool_Set3_P_4.raw,4aa02b2917e6015639b61be8ddc07383cc2ee66d5c629b542358ac2b2c784e99
covid,13092020_QCPool_Set4_P_2,13092020_QCPool_Set4_P_2,13092020_QCPool_Set4_P_2.mzML,,qc,QC,13092020_QCPool_Set4_P,,13092020,2,13092020_QCPool_Set4_P_2.raw,https://ftp.ebi.ac.uk/pub/databases/metabolights/studies/public/MTBLS2291/FILES/QCpool/13092020_QCPool_Set4_P_2.raw,a82366ec5ccab0d5e9168114381143456a8ab669c474b552c659dee67cf17479
covid,13092020_QCPool_Set4_P_3,13092020_QCPool_Set4_P_3,13092020_QCPool_Set4_P_3.mzML,,qc,QC,13092020_QCPool_Set4_P,,13092020,3,13092020_QCPool_Set4_P_3.raw,https://ftp.ebi.ac.uk/pub/databases/metabolights/studies/public/MTBLS2291/FILES/QCpool/13092020_QCPool_Set4_P_3.raw,1fc9fffa182ff8b809fd93b39c8b257398973f7e9d19a942339c89ac3ecbf323
covid,13092020_QCPool_Set4_P_4,13092020_QCPool_Set4_P_4,13092020_QCPool_Set4_P_4.mzML,,qc,QC,13092020_QCPool_Set4_P,,13092020,4,13092020_QCPool_Set4_P_4.raw,https://ftp.ebi.ac.uk/pub/databases/metabolights/studies/public/MTBLS2291/FILES/QCpool/13092020_QCPool_Set4_P_4.raw,a2a1ec4e0b8a244a7b1cadbb475e3b0d402d0677344ac9f0bb0e0dc333d558fa
covid,13092020_QCPool_Set5_P_2,13092020_QCPool_Set5_P_2,13092020_QCPool_Set5_P_2.mzML,,qc,QC,13092020_QCPool_Set5_P,,13092020,2,13092020_QCPool_Set5_P_2.raw,https://ftp.ebi.ac.uk/pub/databases/metabolights/studies/public/MTBLS2291/FILES/QCpool/13092020_QCPool_Set5_P_2.raw,eca88b188147c4ab48a8e3653bdac811b36e4173cc92b76f242ece46e4e2f7c8
covid,13092020_QCPool_Set5_P_3,13092020_QCPool_Set5_P_3,13092020_QCPool_Set5_P_3.mzML,,qc,QC,13092020_QCPool_Set5_P,,13092020,3,13092020_QCPool_Set5_P_3.raw,https://ftp.ebi.ac.uk/pub/databases/metabolights/studies/public/MTBLS2291/FILES/QCpool/13092020_QCPool_Set5_P_3.raw,b8667de60f207e7647ed4b9b8bd45be87df958b83559a0cfa661998fc694ceb6
covid,13092020_QCPool_Set5_P_4,13092020_QCPool_Set5_P_4,13092020_QCPool_Set5_P_4.mzML,,qc,QC,13092020_QCPool_Set5_P,,13092020,4,13092020_QCPool_Set5_P_4.raw,https://ftp.ebi.ac.uk/pub/databases/metabolights/studies/public/MTBLS2291/FILES/QCpool/13092020_QCPool_Set5_P_4.raw,9a5568e6dd8df36723ec0ccf8c9f4a1b27f125ee676d816455e5a5a2ebf0d4ec
covid,15092020_Blank_P_1,15092020_Blank_P_1,15092020_Blank_P_1.mzML,,blank,Blank,15092020_Blank_P_1,,15092020,1,15092020_Blank_P_1.raw,https://ftp.ebi.ac.uk/pub/databases/metabolights/studies/public/MTBLS2291/FILES/Blank/15092020_Blank_P_1.raw,0c2ae33ef1def9ed82f17a764dbfee4cfbfaf7bc53c18f71dfbdab67aa500dc0
covid,15092020_Blank_P_2,15092020_Blank_P_2,15092020_Blank_P_2.mzML,,blank,Blank,15092020_Blank_P_2,,15092020,2,15092020_Blank_P_2.raw,https://ftp.ebi.ac.uk/pub/databases/metabolights/studies/public/MTBLS2291/FILES/Blank/15092020_Blank_P_2.raw,3dbff89f57d962f574be6911791492772ffa81a9fe1d1ebeed9b0fe335489104
covid,15092020_Blank_P_3,15092020_Blank_P_3,15092020_Blank_P_3.mzML,,blank,Blank,15092020_Blank_P_3,,15092020,3,15092020_Blank_P_3.raw,https://ftp.ebi.ac.uk/pub/databases/metabolights/studies/public/MTBLS2291/FILES/Blank/15092020_Blank_P_3.raw,b1a0b1dcbe71f1d9d8dede335c644336ff2eae6be07808136a45e2199b3e00f6
covid,15092020_QCPool_Set1_P_2,15092020_QCPool_Set1_P_2,15092020_QCPool_Set1_P_2.mzML,,qc,QC,15092020_QCPool_Set1_P,,15092020,2,15092020_QCPool_Set1_P_2.raw,https://ftp.ebi.ac.uk/pub/databases/metabolights/studies/public/MTBLS2291/FILES/QCpool/15092020_QCPool_Set1_P_2.raw,4383a977eca703cf106f8e5840a8d5f202ead977e2178d9bbb5a8fb92d0742e3
covid,15092020_QCPool_Set1_P_3,15092020_QCPool_Set1_P_3,15092020_QCPool_Set1_P_3.mzML,,qc,QC,15092020_QCPool_Set1_P,,15092020,3,15092020_QCPool_Set1_P_3.raw,https://ftp.ebi.ac.uk/pub/databases/metabolights/studies/public/MTBLS2291/FILES/QCpool/15092020_QCPool_Set1_P_3.raw,a03fd0854e2df525c23156b8016cd44f32fe4844b1fbcbaa32e4c7709bba2f64
covid,15092020_QCPool_Set1_P_4,15092020_QCPool_Set1_P_4,15092020_QCPool_Set1_P_4.mzML,,qc,QC,15092020_QCPool_Set1_P,,15092020,4,15092020_QCPool_Set1_P_4.raw,https://ftp.ebi.ac.uk/pub/databases/metabolights/studies/public/MTBLS2291/FILES/QCpool/15092020_QCPool_Set1_P_4.raw,e0751630b0cd73666e2be8cade22315f2232e7b7a98b59a94322dd3111a9a209
covid,15092020_QCPool_Set2_P_2,15092020_QCPool_Set2_P_2,15092020_QCPool_Set2_P_2.mzML,,qc,QC,15092020_QCPool_Set2_P,,15092020,2,15092020_QCPool_Set2_P_2.raw,https://ftp.ebi.ac.uk/pub/databases/metabolights/studies/public/MTBLS2291/FILES/QCpool/15092020_QCPool_Set2_P_2.raw,3b5a27e4f2fb0d253462ea94d145aaaab06fb84c9890ea275522b20e95699f00
covid,15092020_QCPool_Set2_P_3,15092020_QCPool_Set2_P_3,15092020_QCPool_Set2_P_3.mzML,,qc,QC,15092020_QCPool_Set2_P,,15092020,3,15092020_QCPool_Set2_P_3.raw,https://ftp.ebi.ac.uk/pub/databases/metabolights/studies/public/MTBLS2291/FILES/QCpool/15092020_QCPool_Set2_P_3.raw,d1b681b5d0c3e3191c76e314fd1fd28b078b514ec45c50e173635b186f562d76
covid,15092020_QCPool_Set2_P_4,15092020_QCPool_Set2_P_4,15092020_QCPool_Set2_P_4.mzML,,qc,QC,15092020_QCPool_Set2_P,,15092020,4,15092020_QCPool_Set2_P_4.raw,https://ftp.ebi.ac.uk/pub/databases/metabolights/studies/public/MTBLS2291/FILES/QCpool/15092020_QCPool_Set2_P_4.raw,d099df7b33b42c31a440f59fa87c5d7316f27c40274d3ae2ffa8f93324e8180b
covid,15092020_QCPool_Set3_P_2,15092020_QCPool_Set3_P_2,15092020_QCPool_Set3_P_2.mzML,,qc,QC,15092020_QCPool_Set3_P,,15092020,2,15092020_QCPool_Set3_P_2.raw,https://ftp.ebi.ac.uk/pub/databases/metabolights/studies/public/MTBLS2291/FILES/QCpool/15092020_QCPool_Set3_P_2.raw,a39a98ed90ab3e9084cf4198152454582ba7f50eb9a77f6e8b6e8eb754b22a4e
covid,15092020_QCPool_Set3_P_3,15092020_QCPool_Set3_P_3,15092020_QCPool_Set3_P_3.mzML,,qc,QC,15092020_QCPool_Set3_P,,15092020,3,15092020_QCPool_Set3_P_3.raw,https://ftp.ebi.ac.uk/pub/databases/metabolights/studies/public/MTBLS2291/FILES/QCpool/15092020_QCPool_Set3_P_3.raw,edbc58e4ea813dc671967dc042b80cc76886ea2d386cd7a6b42b223b8195e19c
covid,15092020_QCPool_Set3_P_4,15092020_QCPool_Set3_P_4,15092020_QCPool_Set3_P_4.mzML,,qc,QC,15092020_QCPool_Set3_P,,15092020,4,15092020_QCPool_Set3_P_4.raw,https://ftp.ebi.ac.uk/pub/databases/metabolights/studies/public/MTBLS2291/FILES/QCpool/15092020_QCPool_Set3_P_4.raw,8d299f03b9f3c7dd157f2b1f2c063587aa4ee3a489ccd27011cae9837aa93a0b
covid,15092020_QCPool_Set4_P_2,15092020_QCPool_Set4_P_2,15092020_QCPool_Set4_P_2.mzML,,qc,QC,15092020_QCPool_Set4_P,,15092020,2,15092020_QCPool_Set4_P_2.raw,https://ftp.ebi.ac.uk/pub/databases/metabolights/studies/public/MTBLS2291/FILES/QCpool/15092020_QCPool_Set4_P_2.raw,b970875faa1e6d27f4b3c81c2ff50308dd133e5147ae4b09bf097da2e92c3696
covid,15092020_QCPool_Set4_P_3,15092020_QCPool_Set4_P_3,15092020_QCPool_Set4_P_3.mzML,,qc,QC,15092020_QCPool_Set4_P,,15092020,3,15092020_QCPool_Set4_P_3.raw,https://ftp.ebi.ac.uk/pub/databases/metabolights/studies/public/MTBLS2291/FILES/QCpool/15092020_QCPool_Set4_P_3.raw,cb7c815ec1adfb1eca9987586c6d083e3359afac6943cf5024481d6cb382aba7
covid,15092020_QCPool_Set4_P_4,15092020_QCPool_Set4_P_4,15092020_QCPool_Set4_P_4.mzML,,qc,QC,15092020_QCPool_Set4_P,,15092020,4,15092020_QCPool_Set4_P_4.raw,https://ftp.ebi.ac.uk/pub/databases/metabolights/studies/public/MTBLS2291/FILES/QCpool/15092020_QCPool_Set4_P_4.raw,b67fc68a48482b7d17c3110360fdeac16cba0fbd9601e1ebf6fee29f4616a1a3
covid,20092020_Blank_P_1,20092020_Blank_P_1,20092020_Blank_P_1.mzML,,blank,Blank,20092020_Blank_P_1,,20092020,1,20092020_Blank_P_1.raw,https://ftp.ebi.ac.uk/pub/databases/metabolights/studies/public/MTBLS2291/FILES/Blank/20092020_Blank_P_1.raw,992413781712227f70c4a1c24ba2219ad1887b07ffd71a4d7a895ac532b940d6
covid,20092020_Blank_P_2,20092020_Blank_P_2,20092020_Blank_P_2.mzML,,blank,Blank,20092020_Blank_P_2,,20092020,2,20092020_Blank_P_2.raw,https://ftp.ebi.ac.uk/pub/databases/metabolights/studies/public/MTBLS2291/FILES/Blank/20092020_Blank_P_2.raw,a99956ef8ad6fec4028bdcaafa3461d32cd1609d49b18b35eb00c0aba7c44df1
covid,20092020_Blank_P_3,20092020_Blank_P_3,20092020_Blank_P_3.mzML,,blank,Blank,20092020_Blank_P_3,,20092020,3,20092020_Blank_P_3.raw,https://ftp.ebi.ac.uk/pub/databases/metabolights/studies/public/MTBLS2291/FILES/Blank/20092020_Blank_P_3.raw,7d13351a85e18ee10373c28faf3f515bbaea51f9dce5cac4a7629165cd624a31
covid,20092020_QCPool_Set1_P_2,20092020_QCPool_Set1_P_2,20092020_QCPool_Set1_P_2.mzML,,qc,QC,20092020_QCPool_Set1_P,,20092020,2,20092020_QCPool_Set1_P_2.raw,https://ftp.ebi.ac.uk/pub/databases/metabolights/studies/public/MTBLS2291/FILES/QCpool/20092020_QCPool_Set1_P_2.raw,753b582d44f29f6a19381dde86e850879174d2f017da35189101ffe26f1eee75
covid,20092020_QCPool_Set1_P_3,20092020_QCPool_Set1_P_3,20092020_QCPool_Set1_P_3.mzML,,qc,QC,20092020_QCPool_Set1_P,,20092020,3,20092020_QCPool_Set1_P_3.raw,https://ftp.ebi.ac.uk/pub/databases/metabolights/studies/public/MTBLS2291/FILES/QCpool/20092020_QCPool_Set1_P_3.raw,8d2d2981bdcf547d6287147ee7d5ed3f8e8efd886d5bbdd7d837759f628fdb06
covid,20092020_QCPool_Set1_P_4,20092020_QCPool_Set1_P_4,20092020_QCPool_Set1_P_4.mzML,,qc,QC,20092020_QCPool_Set1_P,,20092020,4,20092020_QCPool_Set1_P_4.raw,https://ftp.ebi.ac.uk/pub/databases/metabolights/studies/public/MTBLS2291/FILES/QCpool/20092020_QCPool_Set1_P_4.raw,bd2f931c3102777006e08206a671555f355775258300caeaae5bff1203456d28
covid,20092020_QCPool_Set2_P_2,20092020_QCPool_Set2_P_2,20092020_QCPool_Set2_P_2.mzML,,qc,QC,20092020_QCPool_Set2_P,,20092020,2,20092020_QCPool_Set2_P_2.raw,https://ftp.ebi.ac.uk/pub/databases/metabolights/studies/public/MTBLS2291/FILES/QCpool/20092020_QCPool_Set2_P_2.raw,0d25f9653fc9e10c45b898bbe2512aa1a847db3580d9dd15a0fc401af97ea608
covid,20092020_QCPool_Set2_P_3,20092020_QCPool_Set2_P_3,20092020_QCPool_Set2_P_3.mzML,,qc,QC,20092020_QCPool_Set2_P,,20092020,3,20092020_QCPool_Set2_P_3.raw,https://ftp.ebi.ac.uk/pub/databases/metabolights/studies/public/MTBLS2291/FILES/QCpool/20092020_QCPool_Set2_P_3.raw,ca231ee7fa1d3c381b5c409ce18871d04c2ef274dae33157710dfe83379cfbd9
covid,20092020_QCPool_Set2_P_4,20092020_QCPool_Set2_P_4,20092020_QCPool_Set2_P_4.mzML,,qc,QC,20092020_QCPool_Set2_P,,20092020,4,20092020_QCPool_Set2_P_4.raw,https://ftp.ebi.ac.uk/pub/databases/metabolights/studies/public/MTBLS2291/FILES/QCpool/20092020_QCPool_Set2_P_4.raw,0cf76279df9d86ad9d22e08c4cbccdc2810b6cb9374ebe2b729d85d0854e9970
covid,20092020_QCPool_Set3_P_2,20092020_QCPool_Set3_P_2,20092020_QCPool_Set3_P_2.mzML,,qc,QC,20092020_QCPool_Set3_P,,20092020,2,20092020_QCPool_Set3_P_2.raw,https://ftp.ebi.ac.uk/pub/databases/metabolights/studies/public/MTBLS2291/FILES/QCpool/20092020_QCPool_Set3_P_2.raw,020e8286aceefb6c3bbc2f146bb5e3044daaf22c450c7cb245c448eb6024a60f
covid,20092020_QCPool_Set3_P_3,20092020_QCPool_Set3_P_3,20092020_QCPool_Set3_P_3.mzML,,qc,QC,20092020_QCPool_Set3_P,,20092020,3,20092020_QCPool_Set3_P_3.raw,https://ftp.ebi.ac.uk/pub/databases/metabolights/studies/public/MTBLS2291/FILES/QCpool/20092020_QCPool_Set3_P_3.raw,a6f8dde698b141ca293035ebbcc211e87204d82e9ecc1969408064ce6a147c51
covid,20092020_QCPool_Set3_P_4,20092020_QCPool_Set3_P_4,20092020_QCPool_Set3_P_4.mzML,,qc,QC,20092020_QCPool_Set3_P,,20092020,4,20092020_QCPool_Set3_P_4.raw,https://ftp.ebi.ac.uk/pub/databases/metabolights/studies/public/MTBLS2291/FILES/QCpool/20092020_QCPool_Set3_P_4.raw,2388c602cb7882094381e41e0f59ee032b239f2335db9664fc6ac11bb1d59bc6
covid,20092020_QCPool_Set4_P_2,20092020_QCPool_Set4_P_2,20092020_QCPool_Set4_P_2.mzML,,qc,QC,20092020_QCPool_Set4_P,,20092020,2,20092020_QCPool_Set4_P_2.raw,https://ftp.ebi.ac.uk/pub/databases/metabolights/studies/public/MTBLS2291/FILES/QCpool/20092020_QCPool_Set4_P_2.raw,eb40bbd43629408f52547401e81576de944907fd4042ed313c6ae89c5b1b4227
covid,20092020_QCPool_Set4_P_3,20092020_QCPool_Set4_P_3,20092020_QCPool_Set4_P_3.mzML,,qc,QC,20092020_QCPool_Set4_P,,20092020,3,20092020_QCPool_Set4_P_3.raw,https://ftp.ebi.ac.uk/pub/databases/metabolights/studies/public/MTBLS2291/FILES/QCpool/20092020_QCPool_Set4_P_3.raw,803b2d134c889f7e242156795fafe3908b3ae5f47788fd97ccfd98c639de0884
covid,20092020_QCPool_Set4_P_4,20092020_QCPool_Set4_P_4,20092020_QCPool_Set4_P_4.mzML,,qc,QC,20092020_QCPool_Set4_P,,20092020,4,20092020_QCPool_Set4_P_4.raw,https://ftp.ebi.ac.uk/pub/databases/metabolights/studies/public/MTBLS2291/FILES/QCpool/20092020_QCPool_Set4_P_4.raw,2b1d2db3e49de9535201ec9fb9f8562f2b728a8a99012956bfbbb496c8a4afd1
covid,22092020_Blank_P_1,22092020_Blank_P_1,22092020_Blank_P_1.mzML,,blank,Blank,22092020_Blank_P_1,,22092020,1,22092020_Blank_P_1.raw,https://ftp.ebi.ac.uk/pub/databases/metabolights/studies/public/MTBLS2291/FILES/Blank/22092020_Blank_P_1.raw,f8390343f518950f560b155234f88a5273147f86e998e575fc069054572eb847
covid,22092020_Blank_P_2,22092020_Blank_P_2,22092020_Blank_P_2.mzML,,blank,Blank,22092020_Blank_P_2,,22092020,2,22092020_Blank_P_2.raw,https://ftp.ebi.ac.uk/pub/databases/metabolights/studies/public/MTBLS2291/FILES/Blank/22092020_Blank_P_2.raw,e8619ab218a9b52b05af329b30f8ed437af80ffcbf46730f8e3b01811d9dcec0
covid,22092020_Blank_P_3,22092020_Blank_P_3,22092020_Blank_P_3.mzML,,blank,Blank,22092020_Blank_P_3,,22092020,3,22092020_Blank_P_3.raw,https://ftp.ebi.ac.uk/pub/databases/metabolights/studies/public/MTBLS2291/FILES/Blank/22092020_Blank_P_3.raw,9e3c4e27ced7c49a1d4ed23334ada34e57ae21c89f44a40c9f94026f170383d5
covid,22092020_QCPool_Set1_P_2,22092020_QCPool_Set1_P_2,22092020_QCPool_Set1_P_2.mzML,,qc,QC,22092020_QCPool_Set1_P,,22092020,2,22092020_QCPool_Set1_P_2.raw,https://ftp.ebi.ac.uk/pub/databases/metabolights/studies/public/MTBLS2291/FILES/QCpool/22092020_QCPool_Set1_P_2.raw,7625c611713fd76c43eb2d5fd84fa45f7c51d27491d6ea37b7a3c788126228e3
covid,22092020_QCPool_Set1_P_3,22092020_QCPool_Set1_P_3,22092020_QCPool_Set1_P_3.mzML,,qc,QC,22092020_QCPool_Set1_P,,22092020,3,22092020_QCPool_Set1_P_3.raw,https://ftp.ebi.ac.uk/pub/databases/metabolights/studies/public/MTBLS2291/FILES/QCpool/22092020_QCPool_Set1_P_3.raw,9c80f0c9bfa83c10325d057ac20bbca84ac08682b71b94ee42b3623416d0daab
covid,22092020_QCPool_Set1_P_4,22092020_QCPool_Set1_P_4,22092020_QCPool_Set1_P_4.mzML,,qc,QC,22092020_QCPool_Set1_P,,22092020,4,22092020_QCPool_Set1_P_4.raw,https://ftp.ebi.ac.uk/pub/databases/metabolights/studies/public/MTBLS2291/FILES/QCpool/22092020_QCPool_Set1_P_4.raw,22e15bbd96b0433a9ed43c93d05f63e9e5d845e046cbfb35e5343b1709b6ae5e
covid,22092020_QCPool_Set2_P_2,22092020_QCPool_Set2_P_2,22092020_QCPool_Set2_P_2.mzML,,qc,QC,22092020_QCPool_Set2_P,,22092020,2,22092020_QCPool_Set2_P_2.raw,https://ftp.ebi.ac.uk/pub/databases/metabolights/studies/public/MTBLS2291/FILES/QCpool/22092020_QCPool_Set2_P_2.raw,c33de22ee5066c946286f8d94b5c3ea108e8bd61ac893a4ae3df0830b74ccca1
covid,22092020_QCPool_Set2_P_3,22092020_QCPool_Set2_P_3,22092020_QCPool_Set2_P_3.mzML,,qc,QC,22092020_QCPool_Set2_P,,22092020,3,22092020_QCPool_Set2_P_3.raw,https://ftp.ebi.ac.uk/pub/databases/metabolights/studies/public/MTBLS2291/FILES/QCpool/22092020_QCPool_Set2_P_3.raw,d67f326aa75b07ccfe5fe0339590cfb511f9e867fb762f1f9a0c684c34d03ce1
covid,22092020_QCPool_Set2_P_4,22092020_QCPool_Set2_P_4,22092020_QCPool_Set2_P_4.mzML,,qc,QC,22092020_QCPool_Set2_P,,22092020,4,22092020_QCPool_Set2_P_4.raw,https://ftp.ebi.ac.uk/pub/databases/metabolights/studies/public/MTBLS2291/FILES/QCpool/22092020_QCPool_Set2_P_4.raw,3cdbbb6bca270b4de7217180b37f9dbf36f2eec0d1addba2c376d31f245627d7
covid,22092020_QCPool_Set3_P_2,22092020_QCPool_Set3_P_2,22092020_QCPool_Set3_P_2.mzML,,qc,QC,22092020_QCPool_Set3_P,,22092020,2,22092020_QCPool_Set3_P_2.raw,https://ftp.ebi.ac.uk/pub/databases/metabolights/studies/public/MTBLS2291/FILES/QCpool/22092020_QCPool_Set3_P_2.raw,7a28e9cdaf06e4d33c7fedadf386f77a620a16d047e1fbdb2b2319f985a30966
covid,22092020_QCPool_Set3_P_3,22092020_QCPool_Set3_P_3,22092020_QCPool_Set3_P_3.mzML,,qc,QC,22092020_QCPool_Set3_P,,22092020,3,22092020_QCPool_Set3_P_3.raw,https://ftp.ebi.ac.uk/pub/databases/metabolights/studies/public/MTBLS2291/FILES/QCpool/22092020_QCPool_Set3_P_3.raw,be8c53df878fa2619fb6cd1a2a15a696aa0e44664fb33244597c17f5e47c01eb
covid,22092020_QCPool_Set3_P_4,22092020_QCPool_Set3_P_4,22092020_QCPool_Set3_P_4.mzML,,qc,QC,22092020_QCPool_Set3_P,,22092020,4,22092020_QCPool_Set3_P_4.raw,https://ftp.ebi.ac.uk/pub/databases/metabolights/studies/public/MTBLS2291/FILES/QCpool/22092020_QCPool_Set3_P_4.raw,ee77ddbc896737edb35c890885774afff0425fe86b9d82a21c8c8079a7422d91
covid,23092020_Blank_P_1,23092020_Blank_P_1,23092020_Blank_P_1.mzML,,blank,Blank,23092020_Blank_P_1,,23092020,1,23092020_Blank_P_1.raw,https://ftp.ebi.ac.uk/pub/databases/metabolights/studies/public/MTBLS2291/FILES/Blank/23092020_Blank_P_1.raw,4f65c54c11f258a6326eebf3222fdf8d942ecbb2f659a08b6b8bcaae14374fd0
covid,23092020_Blank_P_2,23092020_Blank_P_2,23092020_Blank_P_2.mzML,,blank,Blank,23092020_Blank_P_2,,23092020,2,23092020_Blank_P_2.raw,https://ftp.ebi.ac.uk/pub/databases/metabolights/studies/public/MTBLS2291/FILES/Blank/23092020_Blank_P_2.raw,144f3adf1726aa13ded7af4b74239eb3b0520eb7063004197c7a58839f4a8191
covid,23092020_Blank_P_3,23092020_Blank_P_3,23092020_Blank_P_3.mzML,,blank,Blank,23092020_Blank_P_3,,23092020,3,23092020_Blank_P_3.raw,https://ftp.ebi.ac.uk/pub/databases/metabolights/studies/public/MTBLS2291/FILES/Blank/23092020_Blank_P_3.raw,b18169cd1a63432da8d5edc4bf00f9384a6cfacdd180360f3aed67fed21917eb
covid,23092020_QCPool_Set1_P_2,23092020_QCPool_Set1_P_2,23092020_QCPool_Set1_P_2.mzML,,qc,QC,23092020_QCPool_Set1_P,,23092020,2,23092020_QCPool_Set1_P_2.raw,https://ftp.ebi.ac.uk/pub/databases/metabolights/studies/public/MTBLS2291/FILES/QCpool/23092020_QCPool_Set1_P_2.raw,85e4f89cde08390176ed667518741084bc1d8bd48bd157d7d3db4d8edfb4849b
covid,23092020_QCPool_Set1_P_3,23092020_QCPool_Set1_P_3,23092020_QCPool_Set1_P_3.mzML,,qc,QC,23092020_QCPool_Set1_P,,23092020,3,23092020_QCPool_Set1_P_3.raw,https://ftp.ebi.ac.uk/pub/databases/metabolights/studies/public/MTBLS2291/FILES/QCpool/23092020_QCPool_Set1_P_3.raw,50022f77dd23d09812f8081fd06976008e4435546dd1c714f8fdf53d7291b1ce
covid,23092020_QCPool_Set1_P_4,23092020_QCPool_Set1_P_4,23092020_QCPool_Set1_P_4.mzML,,qc,QC,23092020_QCPool_Set1_P,,23092020,4,23092020_QCPool_Set1_P_4.raw,https://ftp.ebi.ac.uk/pub/databases/metabolights/studies/public/MTBLS2291/FILES/QCpool/23092020_QCPool_Set1_P_4.raw,dc6bf59931b0ccae0d53f1effe03cb03dcb5fdc21dcb8cfb6637c6de4e28297b
covid,23092020_QCPool_Set2_P_2,23092020_QCPool_Set2_P_2,23092020_QCPool_Set2_P_2.mzML,,qc,QC,23092020_QCPool_Set2_P,,23092020,2,23092020_QCPool_Set2_P_2.raw,https://ftp.ebi.ac.uk/pub/databases/metabolights/studies/public/MTBLS2291/FILES/QCpool/23092020_QCPool_Set2_P_2.raw,c44d6bb9a1b71217d16c26a4918e71df92647def52da1f920c8c73edaf65e83e
covid,23092020_QCPool_Set2_P_3,23092020_QCPool_Set2_P_3,23092020_QCPool_Set2_P_3.mzML,,qc,QC,23092020_QCPool_Set2_P,,23092020,3,23092020_QCPool_Set2_P_3.raw,https://ftp.ebi.ac.uk/pub/databases/metabolights/studies/public/MTBLS2291/FILES/QCpool/23092020_QCPool_Set2_P_3.raw,36d832a88a751aa9ed71d3d4eee78c424446dfc4874588ff6576f1d236f10bde
covid,23092020_QCPool_Set2_P_4,23092020_QCPool_Set2_P_4,23092020_QCPool_Set2_P_4.mzML,,qc,QC,23092020_QCPool_Set2_P,,23092020,4,23092020_QCPool_Set2_P_4.raw,https://ftp.ebi.ac.uk/pub/databases/metabolights/studies/public/MTBLS2291/FILES/QCpool/23092020_QCPool_Set2_P_4.raw,a78218b2a8a1e83e37082d13c328fa83ab722862df4d8db7bb35c42ade51a4fa
covid,23092020_QCPool_Set3_P_2,23092020_QCPool_Set3_P_2,23092020_QCPool_Set3_P_2.mzML,,qc,QC,23092020_QCPool_Set3_P,,23092020,2,23092020_QCPool_Set3_P_2.raw,https://ftp.ebi.ac.uk/pub/databases/metabolights/studies/public/MTBLS2291/FILES/QCpool/23092020_QCPool_Set3_P_2.raw,10d5fe7e3af6fd003bca78988c0db29eb181617165bf882478af5f0bfd4fe142
covid,23092020_QCPool_Set3_P_3,23092020_QCPool_Set3_P_3,23092020_QCPool_Set3_P_3.mzML,,qc,QC,23092020_QCPool_Set3_P,,23092020,3,23092020_QCPool_Set3_P_3.raw,https://ftp.ebi.ac.uk/pub/databases/metabolights/studies/public/MTBLS2291/FILES/QCpool/23092020_QCPool_Set3_P_3.raw,9f2eb8cc4ba62de5656539ce0a766fb905d8a269faf5613b58f6233347e1e0c6
covid,23092020_QCPool_Set3_P_4,23092020_QCPool_Set3_P_4,23092020_QCPool_Set3_P_4.mzML,,qc,QC,23092020_QCPool_Set3_P,,23092020,4,23092020_QCPool_Set3_P_4.raw,https://ftp.ebi.ac.uk/pub/databases/metabolights/studies/public/MTBLS2291/FILES/QCpool/23092020_QCPool_Set3_P_4.raw,239b54a9aefd068a5b5f4d5376fb45ea72770a66c5b67779a82297e05850ae3c
covid,24092020_Blank_P_1,24092020_Blank_P_1,24092020_Blank_P_1.mzML,,blank,Blank,24092020_Blank_P_1,,24092020,1,24092020_Blank_P_1.raw,https://ftp.ebi.ac.uk/pub/databases/metabolights/studies/public/MTBLS2291/FILES/Blank/24092020_Blank_P_1.raw,6e7cda1e17eeb1588520868a8db69e99c071c19c5448826a6a3b27fc825d2b5e
covid,24092020_Blank_P_2,24092020_Blank_P_2,24092020_Blank_P_2.mzML,,blank,Blank,24092020_Blank_P_2,,24092020,2,24092020_Blank_P_2.raw,https://ftp.ebi.ac.uk/pub/databases/metabolights/studies/public/MTBLS2291/FILES/Blank/24092020_Blank_P_2.raw,5e9f5389a615451ea0088755181459b7bbd9d97bf5c737a5b0def21628f5004c
covid,24092020_Blank_P_3,24092020_Blank_P_3,24092020_Blank_P_3.mzML,,blank,Blank,24092020_Blank_P_3,,24092020,3,24092020_Blank_P_3.raw,https://ftp.ebi.ac.uk/pub/databases/metabolights/studies/public/MTBLS2291/FILES/Blank/24092020_Blank_P_3.raw,59f7951ce8c911d01f3649787839c2611e48ecebedb2035f3aead94d81134f3a
covid,24092020_QCPool_Set1_P_2,24092020_QCPool_Set1_P_2,24092020_QCPool_Set1_P_2.mzML,,qc,QC,24092020_QCPool_Set1_P,,24092020,2,24092020_QCPool_Set1_P_2.raw,https://ftp.ebi.ac.uk/pub/databases/metabolights/studies/public/MTBLS2291/FILES/QCpool/24092020_QCPool_Set1_P_2.raw,d44bb84f8dfd3ecdf9e8f93c3f9c29cbc37c6b59401ffae1b2e29643355600b2
covid,24092020_QCPool_Set1_P_3,24092020_QCPool_Set1_P_3,24092020_QCPool_Set1_P_3.mzML,,qc,QC,24092020_QCPool_Set1_P,,24092020,3,24092020_QCPool_Set1_P_3.raw,https://ftp.ebi.ac.uk/pub/databases/metabolights/studies/public/MTBLS2291/FILES/QCpool/24092020_QCPool_Set1_P_3.raw,9afa792e7ba725ad24bb9ee19bf88e9af776ba968e6ed6fd97e0ab1f2e92e4be
covid,24092020_QCPool_Set1_P_4,24092020_QCPool_Set1_P_4,24092020_QCPool_Set1_P_4.mzML,,qc,QC,24092020_QCPool_Set1_P,,24092020,4,24092020_QCPool_Set1_P_4.raw,https://ftp.ebi.ac.uk/pub/databases/metabolights/studies/public/MTBLS2291/FILES/QCpool/24092020_QCPool_Set1_P_4.raw,33df539a2cb47a459fab4b4aa5c14d12713e0edc7c2066e6a5493da060e1212a
covid,24092020_QCPool_Set2_P_2,24092020_QCPool_Set2_P_2,24092020_QCPool_Set2_P_2.mzML,,qc,QC,24092020_QCPool_Set2_P,,24092020,2,24092020_QCPool_Set2_P_2.raw,https://ftp.ebi.ac.uk/pub/databases/metabolights/studies/public/MTBLS2291/FILES/QCpool/24092020_QCPool_Set2_P_2.raw,10eeab7a33e5a067a9e1b359979a41a8878e11a045f9ed260563e9e471b4b33e
covid,24092020_QCPool_Set2_P_3,24092020_QCPool_Set2_P_3,24092020_QCPool_Set2_P_3.mzML,,qc,QC,24092020_QCPool_Set2_P,,24092020,3,24092020_QCPool_Set2_P_3.raw,https://ftp.ebi.ac.uk/pub/databases/metabolights/studies/public/MTBLS2291/FILES/QCpool/24092020_QCPool_Set2_P_3.raw,5e7c145ce639fcdd572516a8b83febdb376f8602760d51c41b5bdfb4e328dfec
covid,24092020_QCPool_Set2_P_4,24092020_QCPool_Set2_P_4,24092020_QCPool_Set2_P_4.mzML,,qc,QC,24092020_QCPool_Set2_P,,24092020,4,24092020_QCPool_Set2_P_4.raw,https://ftp.ebi.ac.uk/pub/databases/metabolights/studies/public/MTBLS2291/FILES/QCpool/24092020_QCPool_Set2_P_4.raw,6a89f64be2ca8a727624e3c37efe38b3e88bf08e567912a8d037e13464fc9f92
covid,24092020_QCPool_Set3_P_2,24092020_QCPool_Set3_P_2,24092020_QCPool_Set3_P_2.mzML,,qc,QC,24092020_QCPool_Set3_P,,24092020,2,24092020_QCPool_Set3_P_2.raw,https://ftp.ebi.ac.uk/pub/databases/metabolights/studies/public/MTBLS2291/FILES/QCpool/24092020_QCPool_Set3_P_2.raw,a14a19b48334ce5eb31b1a97c3e6d70e1cd01d7fbd048cb1b04a0b22235c7b61
covid,24092020_QCPool_Set3_P_3,24092020_QCPool_Set3_P_3,24092020_QCPool_Set3_P_3.mzML,,qc,QC,24092020_QCPool_Set3_P,,24092020,3,24092020_QCPool_Set3_P_3.raw,https://ftp.ebi.ac.uk/pub/databases/metabolights/studies/public/MTBLS2291/FILES/QCpool/24092020_QCPool_Set3_P_3.raw,9c991d3ff408535c3d6618f3aac307ac8358ab05ad014e6734834be80474d6c9
covid,24092020_QCPool_Set3_P_4,24092020_QCPool_Set3_P_4,24092020_QCPool_Set3_P_4.mzML,,qc,QC,24092020_QCPool_Set3_P,,24092020,4,24092020_QCPool_Set3_P_4.raw,https://ftp.ebi.ac.uk/pub/databases/metabolights/studies/public/MTBLS2291/FILES/QCpool/24092020_QCPool_Set3_P_4.raw,6d22f2d87502b6f43dd9b31e2ad0d6a2b7867e293768c71561cab3323ecafeac
covid,26092020_Blank_P_1,26092020_Blank_P_1,26092020_Blank_P_1.mzML,,blank,Blank,26092020_Blank_P_1,,26092020,1,26092020_Blank_P_1.raw,https://ftp.ebi.ac.uk/pub/databases/metabolights/studies/public/MTBLS2291/FILES/Blank/26092020_Blank_P_1.raw,cf79b2a3d6082c9273f9e23e907e1e8801c978db50eee96adddfc45ac0102692
covid,26092020_Blank_P_2,26092020_Blank_P_2,26092020_Blank_P_2.mzML,,blank,Blank,26092020_Blank_P_2,,26092020,2,26092020_Blank_P_2.raw,https://ftp.ebi.ac.uk/pub/databases/metabolights/studies/public/MTBLS2291/FILES/Blank/26092020_Blank_P_2.raw,d5c79574a9cab553ef5eed656397a228adc3c91f59eabc6f5070814d74bfaa49
covid,26092020_Blank_P_3,26092020_Blank_P_3,26092020_Blank_P_3.mzML,,blank,Blank,26092020_Blank_P_3,,26092020,3,26092020_Blank_P_3.raw,https://ftp.ebi.ac.uk/pub/databases/metabolights/studies/public/MTBLS2291/FILES/Blank/26092020_Blank_P_3.raw,e3ee55f00a54e6dd49b9b6cd44477146a901f4aac12ef32dc4426d4e47a8a4b3
covid,26092020_QCPool_Set1_P_2,26092020_QCPool_Set1_P_2,26092020_QCPool_Set1_P_2.mzML,,qc,QC,26092020_QCPool_Set1_P,,26092020,2,26092020_QCPool_Set1_P_2.raw,https://ftp.ebi.ac.uk/pub/databases/metabolights/studies/public/MTBLS2291/FILES/QCpool/26092020_QCPool_Set1_P_2.raw,39df679590425ba8b1a6f542bb36a2cfb1807ec8d7d40fff5b7cbc201ce52ff7
covid,26092020_QCPool_Set1_P_3,26092020_QCPool_Set1_P_3,26092020_QCPool_Set1_P_3.mzML,,qc,QC,26092020_QCPool_Set1_P,,26092020,3,26092020_QCPool_Set1_P_3.raw,https://ftp.ebi.ac.uk/pub/databases/metabolights/studies/public/MTBLS2291/FILES/QCpool/26092020_QCPool_Set1_P_3.raw,7b0098f9525fd151b616fe51c0fa60b8fe0789de7ab602cde8d3c563788d5dc0
covid,26092020_QCPool_Set1_P_4,26092020_QCPool_Set1_P_4,26092020_QCPool_Set1_P_4.mzML,,qc,QC,26092020_QCPool_Set1_P,,26092020,4,26092020_QCPool_Set1_P_4.raw,https://ftp.ebi.ac.uk/pub/databases/metabolights/studies/public/MTBLS2291/FILES/QCpool/26092020_QCPool_Set1_P_4.raw,217d21be9ee1403de725d569835bed24b01aae348e35321b5b0d4cfbd17ae3fb
covid,26092020_QCPool_Set2_P_2,26092020_QCPool_Set2_P_2,26092020_QCPool_Set2_P_2.mzML,,qc,QC,26092020_QCPool_Set2_P,,26092020,2,26092020_QCPool_Set2_P_2.raw,https://ftp.ebi.ac.uk/pub/databases/metabolights/studies/public/MTBLS2291/FILES/QCpool/26092020_QCPool_Set2_P_2.raw,918d13ef09ac9505cac2df85e31a419f5592aad5a0a2f82f51dbc6cc8ebe1b0b
covid,26092020_QCPool_Set2_P_3,26092020_QCPool_Set2_P_3,26092020_QCPool_Set2_P_3.mzML,,qc,QC,26092020_QCPool_Set2_P,,26092020,3,26092020_QCPool_Set2_P_3.raw,https://ftp.ebi.ac.uk/pub/databases/metabolights/studies/public/MTBLS2291/FILES/QCpool/26092020_QCPool_Set2_P_3.raw,94e55afba7da2a2de55ce0b5164938ab5c249093e8a71fee777622a6dd41aed8
covid,26092020_QCPool_Set2_P_4,26092020_QCPool_Set2_P_4,26092020_QCPool_Set2_P_4.mzML,,qc,QC,26092020_QCPool_Set2_P,,26092020,4,26092020_QCPool_Set2_P_4.raw,https://ftp.ebi.ac.uk/pub/databases/metabolights/studies/public/MTBLS2291/FILES/QCpool/26092020_QCPool_Set2_P_4.raw,0abefec35e7bd1708ea15766c6146249391e0824d937be3811a3013cbaebe02d
covid,26092020_QCPool_Set3_P_2,26092020_QCPool_Set3_P_2,26092020_QCPool_Set3_P_2.mzML,,qc,QC,26092020_QCPool_Set3_P,,26092020,2,26092020_QCPool_Set3_P_2.raw,https://ftp.ebi.ac.uk/pub/databases/metabolights/studies/public/MTBLS2291/FILES/QCpool/26092020_QCPool_Set3_P_2.raw,5189af14ff7948d5e9b5f2390ad46dcb956cb7b496c4f74cc43b1ef222426e40
covid,26092020_QCPool_Set3_P_3,26092020_QCPool_Set3_P_3,26092020_QCPool_Set3_P_3.mzML,,qc,QC,26092020_QCPool_Set3_P,,26092020,3,26092020_QCPool_Set3_P_3.raw,https://ftp.ebi.ac.uk/pub/databases/metabolights/studies/public/MTBLS2291/FILES/QCpool/26092020_QCPool_Set3_P_3.raw,4c3402d59348b989f507479de70a751acaed8231a102c603c9a7de0a7b41ab27
covid,26092020_QCPool_Set3_P_4,26092020_QCPool_Set3_P_4,26092020_QCPool_Set3_P_4.mzML,,qc,QC,26092020_QCPool_Set3_P,,26092020,4,26092020_QCPool_Set3_P_4.raw,https://ftp.ebi.ac.uk/pub/databases/metabolights/studies/public/MTBLS2291/FILES/QCpool/26092020_QCPool_Set3_P_4.raw,bf37572ab06ff9c3260c59420a360e6e4ce0b21b54434829e523c0f96c11f53f
covid,26092020_QCPool_Set4_P_2,26092020_QCPool_Set4_P_2,26092020_QCPool_Set4_P_2.mzML,,qc,QC,26092020_QCPool_Set4_P,,26092020,2,26092020_QCPool_Set4_P_2.raw,https://ftp.ebi.ac.uk/pub/databases/metabolights/studies/public/MTBLS2291/FILES/QCpool/26092020_QCPool_Set4_P_2.raw,5a2e159c034c3874bb5826e1a32fa53e40c54a7e54c9a0e8a9adbf4f3338285d
covid,26092020_QCPool_Set4_P_3,26092020_QCPool_Set4_P_3,26092020_QCPool_Set4_P_3.mzML,,qc,QC,26092020_QCPool_Set4_P,,26092020,3,26092020_QCPool_Set4_P_3.raw,https://ftp.ebi.ac.uk/pub/databases/metabolights/studies/public/MTBLS2291/FILES/QCpool/26092020_QCPool_Set4_P_3.raw,1692390512e3987cd2065f2a70c19a9c0e7a72b1ab330e4dbdf073fe48163483
covid,26092020_QCPool_Set4_P_4,26092020_QCPool_Set4_P_4,26092020_QCPool_Set4_P_4.mzML,,qc,QC,26092020_QCPool_Set4_P,,26092020,4,26092020_QCPool_Set4_P_4.raw,https://ftp.ebi.ac.uk/pub/databases/metabolights/studies/public/MTBLS2291/FILES/QCpool/26092020_QCPool_Set4_P_4.raw,405f14d7359bb9b77c1773c9667e35868180560ffc7d0a2bdfba28d1f17ac2bb
covid,26092020_QCPool_Set5_P_2,26092020_QCPool_Set5_P_2,26092020_QCPool_Set5_P_2.mzML,,qc,QC,26092020_QCPool_Set5_P,,26092020,2,26092020_QCPool_Set5_P_2.raw,https://ftp.ebi.ac.uk/pub/databases/metabolights/studies/public/MTBLS2291/FILES/QCpool/26092020_QCPool_Set5_P_2.raw,15d478032ed6fa8ae6c773db90395ce51364021ce7319386e2f39b0f293c9f92
covid,26092020_QCPool_Set5_P_3,26092020_QCPool_Set5_P_3,26092020_QCPool_Set5_P_3.mzML,,qc,QC,26092020_QCPool_Set5_P,,26092020,3,26092020_QCPool_Set5_P_3.raw,https://ftp.ebi.ac.uk/pub/databases/metabolights/studies/public/MTBLS2291/FILES/QCpool/26092020_QCPool_Set5_P_3.raw,f2e6bd5090e7bd93e0d10fca88d5cff95cdefbcdeb1338fe6f70be7b4ac76deb
covid,26092020_QCPool_Set5_P_4,26092020_QCPool_Set5_P_4,26092020_QCPool_Set5_P_4.mzML,,qc,QC,26092020_QCPool_Set5_P,,26092020,4,26092020_QCPool_Set5_P_4.raw,https://ftp.ebi.ac.uk/pub/databases/metabolights/studies/public/MTBLS2291/FILES/QCpool/26092020_QCPool_Set5_P_4.raw,e41e22806e216fa655b174d88192db51863625e831be327a70cc517c119e4804
covid,26092020_QCPool_Set6_P_2,26092020_QCPool_Set6_P_2,26092020_QCPool_Set6_P_2.mzML,,qc,QC,26092020_QCPool_Set6_P,,26092020,2,26092020_QCPool_Set6_P_2.raw,https://ftp.ebi.ac.uk/pub/databases/metabolights/studies/public/MTBLS2291/FILES/QCpool/26092020_QCPool_Set6_P_2.raw,7d9a01f64618b2436937c3dbe1795dd7060a35ca7e8a28ba443d309cd2cb5d6f
covid,26092020_QCPool_Set6_P_3,26092020_QCPool_Set6_P_3,26092020_QCPool_Set6_P_3.mzML,,qc,QC,26092020_QCPool_Set6_P,,26092020,3,26092020_QCPool_Set6_P_3.raw,https://ftp.ebi.ac.uk/pub/databases/metabolights/studies/public/MTBLS2291/FILES/QCpool/26092020_QCPool_Set6_P_3.raw,825421a2e884c5eaaf3227ba4d05e73e980b4f88766459a6ceb74c3288e91a13
covid,26092020_QCPool_Set6_P_4,26092020_QCPool_Set6_P_4,26092020_QCPool_Set6_P_4.mzML,,qc,QC,26092020_QCPool_Set6_P,,26092020,4,26092020_QCPool_Set6_P_4.raw,https://ftp.ebi.ac.uk/pub/databases/metabolights/studies/public/MTBLS2291/FILES/QCpool/26092020_QCPool_Set6_P_4.raw,fd057eaffc49f64722148e6642d36b173971e6cb4b7138a4febad67db9f9b294
covid,26092020_QCPool_Set7_P_2,26092020_QCPool_Set7_P_2,26092020_QCPool_Set7_P_2.mzML,,qc,QC,26092020_QCPool_Set7_P,,26092020,2,26092020_QCPool_Set7_P_2.raw,https://ftp.ebi.ac.uk/pub/databases/metabolights/studies/public/MTBLS2291/FILES/QCpool/26092020_QCPool_Set7_P_2.raw,7d5b71e3877e41470b6fc85d7fee3faab18d995f10523fb30d5ee8add96d9304
covid,26092020_QCPool_Set7_P_3,26092020_QCPool_Set7_P_3,26092020_QCPool_Set7_P_3.mzML,,qc,QC,26092020_QCPool_Set7_P,,26092020,3,26092020_QCPool_Set7_P_3.raw,https://ftp.ebi.ac.uk/pub/databases/metabolights/studies/public/MTBLS2291/FILES/QCpool/26092020_QCPool_Set7_P_3.raw,21ff8c42b2690fdb9e02afd7af6b0440893eeb98b7cdc36d18d537ba7d73998a
covid,26092020_QCPool_Set7_P_4,26092020_QCPool_Set7_P_4,26092020_QCPool_Set7_P_4.mzML,,qc,QC,26092020_QCPool_Set7_P,,26092020,4,26092020_QCPool_Set7_P_4.raw,https://ftp.ebi.ac.uk/pub/databases/metabolights/studies/public/MTBLS2291/FILES/QCpool/26092020_QCPool_Set7_P_4.raw,9b02237fc28bc572978d5e8f80e85f9a41051217a8322067fae8695b08840da3
covid,26092020_QCPool_Set8_P_2,26092020_QCPool_Set8_P_2,26092020_QCPool_Set8_P_2.mzML,,qc,QC,26092020_QCPool_Set8_P,,26092020,2,26092020_QCPool_Set8_P_2.raw,https://ftp.ebi.ac.uk/pub/databases/metabolights/studies/public/MTBLS2291/FILES/QCpool/26092020_QCPool_Set8_P_2.raw,477f349cb7aada49cb35efcec03c54fe59f68eb040d353c589eaa7ce5e3f921d
covid,26092020_QCPool_Set8_P_3,26092020_QCPool_Set8_P_3,26092020_QCPool_Set8_P_3.mzML,,qc,QC,26092020_QCPool_Set8_P,,26092020,3,26092020_QCPool_Set8_P_3.raw,https://ftp.ebi.ac.uk/pub/databases/metabolights/studies/public/MTBLS2291/FILES/QCpool/26092020_QCPool_Set8_P_3.raw,dde2fbf9fb1359b33b9bf0f6658a5c1b3cfa75a97aa9b7b4a3a823f0eb82d85c
covid,26092020_QCPool_Set8_P_4,26092020_QCPool_Set8_P_4,26092020_QCPool_Set8_P_4.mzML,,qc,QC,26092020_QCPool_Set8_P,,26092020,4,26092020_QCPool_Set8_P_4.raw,https://ftp.ebi.ac.uk/pub/databases/metabolights/studies/public/MTBLS2291/FILES/QCpool/26092020_QCPool_Set8_P_4.raw,d0b7372b88047e2ab327ef6585d5b8c9fdfbf90d8711046dcf74dfa0e6cafcde
covid,26092020_QCPool_Set9_P_2,26092020_QCPool_Set9_P_2,26092020_QCPool_Set9_P_2.mzML,,qc,QC,26092020_QCPool_Set9_P,,26092020,2,26092020_QCPool_Set9_P_2.raw,https://ftp.ebi.ac.uk/pub/databases/metabolights/studies/public/MTBLS2291/FILES/QCpool/26092020_QCPool_Set9_P_2.raw,ddf8b3ee7de166f221e55b2c9bf874d77ee7fc7df9920063d3113ff604a1e331
covid,26092020_QCPool_Set9_P_3,26092020_QCPool_Set9_P_3,26092020_QCPool_Set9_P_3.mzML,,qc,QC,26092020_QCPool_Set9_P,,26092020,3,26092020_QCPool_Set9_P_3.raw,https://ftp.ebi.ac.uk/pub/databases/metabolights/studies/public/MTBLS2291/FILES/QCpool/26092020_QCPool_Set9_P_3.raw,27e6a0cdccd9fdbc67b4871a894fda7f114dff7dc55b08ca6e780834e7732a6c
covid,26092020_QCPool_Set9_P_4,26092020_QCPool_Set9_P_4,26092020_QCPool_Set9_P_4.mzML,,qc,QC,26092020_QCPool_Set9_P,,26092020,4,26092020_QCPool_Set9_P_4.raw,https://ftp.ebi.ac.uk/pub/databases/metabolights/studies/public/MTBLS2291/FILES/QCpool/26092020_QCPool_Set9_P_4.raw,c0a3914ef3b1af282b1dba35122ec0623310562101127c05e6e4bbef8182d1e2
